citation count,repositoryId
3755354,00363b65-f3ef-4fa9-8255-23ab269f4930
1729783,87646104-e5ef-494b-b2f3-a46c9572e003
890431,6087b2e9-ecbf-4898-8047-5f484f1bce2f
684149,cdbd9f73-f013-4a9c-95d0-1e9ff0ebb5ee
668247,
489706,b2a4aa2b-db3f-456a-8e2b-7d935343385e
259548,1edec4bf-cfee-4296-8893-d1b0ca528f92
257986,58d689da-7c8c-4ac1-90c9-69253d28f81f
211940,948ee64c-5e33-45c8-b960-6e16082dfde4
113611,5f36c68f-bb46-4a21-9b95-6bb87de12aa0
106631,c894c975-f3c8-4d64-860d-4ba42e849f3a
106217,8d9c72f8-7b96-4b5c-86b0-b3f0dd7d0b0d
85533,31ffd918-669b-4d61-9470-784226277b5b
72792,680d2ec6-a43a-4512-94a0-884bc13ff371
47431,7c812d36-defa-4a73-a8c5-42a0139affbd
39802,5d1ab2d0-5938-450f-a353-e50f7fde7262
33408,fef75a3c-6e48-4170-be9d-415601efb689
32835,6e247a54-c6a1-41ef-8477-a13b6717f9cf
32617,19ad31a7-e6d0-4547-ad14-1201d3c96dca
31005,bccfc2b1-40ec-42a9-9f9d-f558b51f5e3a
28718,46c2a7a5-9d5a-4b11-811e-403935c4d036
24411,524e4405-f959-4e3c-ab4e-eecaa8ed23d5
23563,0016e92e-c256-467b-844c-1501b7621865
22729,1f463165-6957-491b-a1e1-e484540200f0
21421,49a7e371-3485-4d8c-a0a9-93bc94cc9e6a
16338,e2e8a2fb-c118-40e8-a37a-219904470cd5
15817,79760077-45df-4626-9675-60ee459aa283
13310,b5966ef4-8bd3-4de8-aafb-396df8e75b0b
12222,75d4ae36-2190-4902-a653-ee3a0d11c16c
10940,e1d70ac8-ada2-4554-ab32-db89d1d273a0
10370,8748538d-965e-4440-85cc-d9d1722e7ca9
10106,66807551-597e-4088-9743-32690481f6ff
7993,b4440b59-ca28-4a67-a65f-2dc02fb0aa23
6977,f14032d7-8ced-410a-b5a6-6233c6256ef5
6605,f43825eb-5b72-4f1a-b716-dc7eec6d4206
5877,fcd17d28-5301-4cb5-addf-b36cbfb38611
4139,aefa5c0e-d71b-455d-85ee-6f1a5a45c7d1
4082,a5a71719-8337-4b8a-b951-59602582144a
4007,20286e06-9c23-4da0-93bf-d781044bb65e
3430,c908c286-c01b-44c7-bac9-3bd53148d898
3324,345977e0-6fb8-476e-9742-0b8987e2fce8
3128,a08cb3a2-5d3b-4979-9ae8-1c07f4c52ac6
2838,0a60b1a9-041a-444e-bd6a-94caaab7591b
2820,876f8718-c8b2-4d05-95ff-ab00ba6fa56b
2612,c2f38c5b-7a8b-4e95-a2db-5d5578570627
2465,23b16007-328b-46a1-84ee-19cd32995091
2465,5aaa6b35-df3c-4d2c-8d36-5028bda829f2
2452,7109c7ca-dd40-4dfc-a883-c3bd2ad93ea5
2410,62077863-2e1c-4b36-83fe-3e7c6c43cb8b
2342,75800c1d-b982-4542-b996-033781f70fa1
2285,619cb623-93c8-47bc-a970-7cdde6fabe66
2267,696de7a0-ef8a-4da7-be16-73861a859a28
2231,2530d60c-4032-4bfb-969c-b5a92bd46d9f
2139,1e1ef8b6-b4e0-47f1-8aae-a83d3dd1c5cf
2064,305fc062-da3d-488e-8e3e-0875c1791649
2018,776e327d-422b-4a28-8cb7-93b2875ddf24
1963,4371937f-226a-4381-b07a-1ccc0085f0fd
1595,d95ed3e5-a613-4a8c-a4ac-e52712f26121
1572,e8703c12-9358-4e5f-bc81-d51b261dfe27
1406,088fa54d-8ae6-462e-990e-9ee387ab9340
1383,f92954f7-f05a-4fb0-9ba7-5f2003ce2f4a
1350,70494852-af5d-4124-aa74-734f1f0dd60a
1296,24af1eb1-54db-415b-9c81-10a764028348
1171,bb8e27f2-4a4a-446a-87c2-e52f8f500b25
1129,1bf1bb1d-432f-4190-9611-58da0655c55a
1072,ffe70f6b-6db0-402e-86b7-cc07bacbbdc8
1068,e00b16da-ea23-4032-a60d-952e9bfdb29a
1064,0ccefa3f-5c25-4191-945e-715ce1816f57
1058,c4438e94-47ab-4fee-82fd-45e285ef8df1
1012,63af450c-34d3-4ffc-8acd-9c3ee8064ba1
1010,69bb4f86-1d75-487e-971a-f446a2ef0792
966,56711caf-9c1b-453a-920e-ebb642ab5c00
962,d59fa5dd-572a-4044-a57e-26217c58087c
893,490f73dd-7532-453b-bd37-a96a566d60ba
783,f30ac101-51ba-4bec-a5cf-8d20ff085716
774,1df5725a-b711-4602-940b-f882e3f523a0
769,a17df1b6-5784-45ab-b5b4-15bb178add55
719,18389090-c8cd-43a9-ab3c-10f67465f7d9
699,2638e611-ff6f-49db-9b3e-702ecd16176b
694,ed99c2e4-de5a-41a1-8925-55f3daa88606
672,ec71de5c-8a14-4fb3-bab5-097afae3fce8
671,9af18aef-ec39-4a35-8ad7-3390499dcac5
666,f09ff415-1052-4566-91f7-df69cc4db52d
557,6ad5f613-9697-4055-b2f4-76167c75ce06
509,1b128a9b-0dcc-478e-9db0-04acf0bfdf3c
499,7fa453ab-73f6-40c9-827f-2cef700cf93b
496,f80ff17b-7820-4449-85db-ae8fabfca0c6
484,dc3e463e-1d13-4ebd-a46d-866202dbda35
464,359e27fb-8de5-4065-9030-04dfa3c6dea7
456,78852ad1-edcd-406f-970f-77daa0e22818
440,1805be48-d428-4b2e-9392-808308520939
396,d93396c0-a134-48ec-8b7a-eb41f8d9aed4
393,7de129d9-4dc9-4dab-a842-b82cf739ed68
384,150183b3-47de-4b1d-9e40-42c1a90c89e2
381,1d989530-cc7d-47a4-a91d-72e3fca785ed
370,a6d2ebf4-5bbd-4de9-b308-17c701c15992
360,af84d6f3-939f-4d09-85a9-987112a6256e
351,f7dcb0f3-711b-4400-a19d-bc1ed259e013
341,0dd4620c-cbeb-427f-8be7-e4510d53ad4e
289,bb43a71a-3c77-4811-98ab-15e66baf1ca0
286,e918f11a-02f7-4d0a-af51-7de4d85a632d
279,09e255f9-bd4e-4194-b98d-385c242b30cf
264,72c12e96-6806-45cb-9025-47ac215ec6c8
264,c863d251-bba6-4484-95ba-e05ecec82fe6
261,40356520-8255-412e-828e-7f1a2f6dcf34
258,5cdc1404-a716-43ea-a3d2-c12e19ee4830
253,ca7200cf-b204-4f10-a179-c8184aa3f018
247,71242cc2-c6f4-4a8d-ad0c-e217e708694e
247,fd0a624b-4c11-469b-8712-32b403731884
229,0365aa25-467f-4041-b253-84334587cdb2
225,a692c21c-d522-497b-9437-33a6083e52ef
221,57de1270-5a58-4bb1-9af2-dced622ed85c
221,bef2dc12-c707-40fb-8e0a-f807a51a6703
220,400b2c00-c870-4bbe-baf2-22b7aeb492da
218,3af396f9-6659-4772-8cc4-073593f84e00
212,17beb48d-bec1-417b-8439-f36c42f7c908
211,7d347e8d-3a81-4961-9b25-003af4f5f814
209,4957be43-9e97-40d4-b88b-8f40c6aa9ce8
207,1eb688d8-dd4a-44f0-80dc-119c6e1ed9a8
205,f9258de8-b9c3-440c-9d0f-316de2173a38
201,f7155f83-0deb-4e27-ab03-53d2a19e5624
196,d3ecba22-a4d5-4a8c-a715-5855a67125db
195,e387c003-d7e5-455d-b7b0-544e9251b1d0
194,3c1441a8-a16b-41c3-a8b1-7e377914d38c
193,c489ec2e-4bb3-4103-85fc-503d1a8277d0
189,6b099676-6bbb-438a-9525-19f11796f437
187,4b749f5c-293a-4f6e-84da-36a62140c4ed
186,a4855df9-755e-41d6-bddf-4589461e303c
185,f95cfea5-b7fc-4a91-b609-d48ea6fc9265
183,26480c80-1662-4c81-9233-008ec4599259
183,b4da5c5e-5d13-4bab-b12e-932697feb343
181,3441eb23-65b9-40a9-b416-d1ebc7f4152c
180,c9d02de7-d1af-4b6f-8218-d15b347eacc7
179,c82c6040-e644-4d94-a54f-97f0236c7147
178,47da6c41-b46d-4fa2-8e98-6ff0fed1a9eb
176,a559994b-9b22-4096-925f-219729d587de
174,89047732-0823-4662-bcc3-8b58b7de18a4
173,c56fbe18-f93b-478b-9674-00056bdeb887
169,4c496bbf-20e5-4102-b4c6-f0faa9c586d0
168,a4ac3c04-0d1b-45b1-a3c9-d8268d39ef95
164,0e1b1d35-5767-4b56-b6a8-1750f0553d4f
159,e38df2c2-e09e-410b-a9dc-eb8731eeb230
157,19d14bd9-468e-4348-a767-fda1418a04ac
155,00678153-5e90-42f0-9168-71218b3bdd5a
155,d201d41a-2b84-4ebc-91a4-afab8c481944
152,1dd8ce99-c87a-4f97-b2ec-b65bf907dd39
147,35572e37-cebf-4c02-9c8f-f7df7c6402e1
143,070fe9f0-8730-4f00-83b4-5ddf7a987241
143,24538ca3-2998-4be2-98f2-863670536daf
141,efc448b2-bf33-4b34-a6a3-eca9e6e99a71
136,1bd67003-c169-48fa-af0c-e1de06f06de1
133,ded6f521-779c-4e94-b8ab-0bbbdccdb8fa
129,375196dd-c25c-43ce-8721-a8886f068634
127,e862da95-6be3-455e-93b4-55b51f497de8
125,3acbe351-2aa2-4277-b8b9-44826ef483a4
125,8932a60a-31f2-4dea-9216-6fe6d320689c
125,c34663f9-f15f-4941-bcb9-d39e100aed6a
124,0ed53079-6f27-4885-955d-7d2c8ee8cddf
124,75e1ef3a-7940-424e-a13c-ab4f23125f52
124,a95bf087-ab57-4c6c-bfc3-63908c2f1dc7
122,4219906d-f302-4207-a641-4cd94f2710ba
122,cc24c899-bc01-4896-951f-18738c61de89
120,efd0d1f3-c142-4c98-8823-74b42b6850de
120,f6b4d081-28e0-47d6-a53b-cb08aca399e2
118,3e3ea3a3-9311-4bcb-97f9-481aaf154323
116,87895a16-eda7-4422-b026-8546238a31ce
114,6837264c-4c0c-47ca-8757-ccb3e1c2bc25
110,a4afc5d1-6762-45f7-9457-bd7bb2ee18a5
110,dc7ec096-7bc0-4ef3-9b9f-8034694da667
109,4aaf7b62-4abc-44f0-8ff6-3268da4d9515
108,d6416ec9-977c-4965-bbaf-ac23aa592bf4
108,f44a7f00-6107-4490-beed-0450b9c3ae1e
107,7eac2fa3-dfa4-4f6e-90ea-7118dbc3401c
107,c1915166-2b04-45ac-8f5e-00b9bf05f440
106,80b5aef8-64c3-4a37-b379-ae87061591f1
106,a49d68cf-5dfd-423a-b835-74e858c81202
106,f334045e-b05b-4999-a3c8-5d772498ae97
100,6e6cb734-d502-450c-89ff-9f8de5e4ff34
100,dcc544f1-470d-45e9-8aca-11a33020e635
99,874c9a62-01dc-465e-96d9-0f7b9b94406b
99,9a09ed7a-3835-45dc-bc97-ae40851e9fcc
98,3e1a54d1-cb1f-4e12-a1c2-527eeb5c65a3
98,ca6fbe43-bcf8-45a3-95d8-72808bb1edfc
95,029a9cef-c0e0-49cc-a775-ed6eb66ab260
94,f68c88ae-8088-4340-8ffd-fb48e4e2aea8
92,62251b10-627c-4682-96af-a7210d123bcf
90,edee785c-d6b5-41ca-bf29-4680053b3863
89,0f834224-e17c-46b3-9fc7-3b79ba56e244
89,99140ce1-5a77-4bcc-a4da-8a4c7e59ade0
87,afbd3639-0ae8-45a6-8928-505c07904a86
85,2d8d62c2-198d-4aac-b92c-28e288eeb8e6
85,c312ac77-e4f5-45af-8c1c-9c8cc0132e90
84,07eece69-9751-495f-81dc-1c2969fad4aa
82,9d67dcfd-2f6d-4f36-8b70-b85d6fed0c18
82,c277b152-ae92-4158-b8af-388c0fd2679f
81,0395a0c6-c137-4695-90ca-176393001d72
81,51f300d9-3bcd-412f-95d1-2383fc2037dc
80,175aa050-b11a-400a-9f90-2220d866ade4
80,3b48cd02-a066-4a88-bcca-7bf28e8cbdec
80,6bf338cf-5265-49c8-af78-e77129ad803b
79,44fe60dc-e377-44e8-a29a-fa41d4ea5adc
78,3e144338-f013-4c8d-b730-4448a452da30
78,456a5838-ad66-49e4-90b3-06bd4c3bed0b
78,a5e61a78-62a8-4ca6-ba37-922081bd23c2
78,ee4d7b81-022e-42a8-b872-05c9e5ff9baa
76,aa6ab51d-a6fc-4f72-a18c-aa63535e731f
74,11777e2d-7181-42eb-b9fd-4cac36f4fd54
74,aa8732de-3e65-4ec8-b9d3-17bfefce118a
74,b7ba195e-fb99-4b2d-8fbf-a2f76ac05853
74,f3537392-09c4-46bd-b874-457e0e35adc4
73,12d774e7-1d76-4627-ab40-8ad5f9c8f02f
73,a0e21e0a-9fe0-42e2-91ad-0a3f2502f96f
73,b070945f-0e97-45c4-ba30-b390ef4a6ae6
73,dce4cfaa-2fc8-40e4-b8e7-eb4d8887f08e
72,86a6f7e1-4965-465a-b1ab-42cf9516edcd
72,939a15e8-8db3-4bdb-8ed0-edb29dadd9e1
71,103d16bd-89b7-4cb1-95e4-bbfa92467e5c
70,c16f675c-5e34-4b48-a6f7-7f8e4927fe7a
67,527df84b-cf21-4c5e-8b38-42c666f2ea5c
67,a43d78b9-62de-497b-aab9-f210e8b8cfff
67,b04655b6-01da-47ce-87c3-3d30f7bfca71
67,efdd05f5-bae3-4be6-89e0-65cc82a09522
66,25a66eea-519f-438f-ac8a-1ace7c6e4918
66,4cf93762-c8c9-4787-8fc9-3695f4882e89
65,f52587bc-e6ef-4b6d-90d1-396322ec92a5
64,a26d9759-1408-47ee-9e5a-7544bde58318
64,fbea40e6-5f25-418b-a0eb-246538c6c894
63,8c0ba05f-e860-4a8f-9c2b-eb01f30eb853
63,bc8e7aae-4e2a-47a8-adb7-dcdc97ad93e0
63,d3987ae3-6a8c-4bbe-a601-dcf0d5f72e38
62,40f6f9dc-c679-42a1-9422-599e8efbe544
62,495d1acd-6bf6-4e43-b75b-5f0ecdf622d0
62,7c571473-803f-4339-af80-422b58a444dd
62,cf898582-8792-4543-99f5-8c748bf79655
61,76301380-a4cc-406c-8b8c-26c458b4c863
59,ca64e3a2-f791-4491-83c3-b14bfce5ff70
58,8ade8743-b751-4002-a08d-1c44b0c6efc9
58,c98aa538-ca3c-47b0-bbf0-3a45c700feca
57,15aeb4d0-ae0c-4f8c-a51e-1eb01216ed46
57,7911cef6-aa5b-4f5b-a4a4-911f592d9e98
57,d19e12b5-bfc0-40f5-805d-345895680110
57,e69b074d-68de-4912-8a40-dd1f46b0e254
55,a6f0b6a1-c5e4-401e-87d7-bb86ca6bd5c1
54,a1dc555a-b9f4-4cac-b68f-30b5e975ab4a
54,bddc37a6-d9be-497b-8103-604172d10338
54,ee6e366f-8902-447e-b19d-e5176d308b2c
53,144b96fb-79c5-4a6f-9510-c210799ad308
53,55582c29-a3fe-4aad-86ab-fa35210c79c1
52,54753603-c263-4cc0-bd65-57c39b5a20f6
52,e0b88f21-a323-4a8d-ad57-6b82c7a4644d
51,8c18e727-7373-4803-83e0-afd386cc7206
51,decd75d8-a33a-4500-8601-28a3ddd24d3b
50,9bdb4811-abc1-4c7c-b1ba-0417eb323e25
50,f67bd485-fefc-4935-8201-0a051e317bb8
49,2124223e-a9f3-4a3c-89eb-9690a62e1cf6
49,3d162606-c9f5-45a7-b503-d4c11d013310
49,77b9128c-88bb-495d-bfa2-6a1c795d1b34
48,4e63b7ee-deec-4e5a-96d1-882f3d8f395d
48,eb890a79-ad7c-4ca3-886d-5f3e6a36bc51
46,0ed85ef7-2ed9-49d4-bdc0-e44401b95a91
46,6bc12c96-fbd4-48c4-ab41-7bdb88b0e56f
46,aeb4d7ba-442d-44a7-887d-3082c64c34f2
45,4d693680-0ccc-460e-a539-5e8e9a3bc5fb
45,5c2b8db2-7432-4351-8bf6-f4483fc00201
45,916f8df9-e23b-41f3-84e8-2d9cce53c39f
44,0faecfef-e4b7-47e5-9fd4-7cd0d614f986
44,a8b175e9-4aba-41f2-b6ca-97a21b56bdc2
44,f42d09ca-2221-4063-945c-a52641cc4679
42,93c8ba71-b0a9-44bc-964a-604290467e12
41,327ab5c6-4b4d-48b3-9a09-5a4c078ff92f
41,d94a14a6-4819-4c7a-bde1-29bc581b25f9
40,27409661-d89a-45ce-8a24-134fabaec82d
40,5013f9fa-9c87-4f66-b785-d1ffc386c06e
40,5a11fc4b-4f0f-4b98-8bc4-09897872dcf3
40,6442f056-f5be-4b66-84c4-d809c49a685c
39,22994914-a52b-4450-8eef-056dc6033468
38,4ae95b75-8641-4d43-9b07-d187d66bb345
38,86148c6d-1148-4436-8508-29359f8ec3b7
37,5ccaa224-1912-4e98-a9b4-01a48d437727
37,88e1f69d-4c93-49e7-a2f3-fc92b2c26329
37,b404487f-bf86-4773-8b66-a7cffb9fa0eb
36,05bcd088-4da2-4d17-b99d-e9bd97d08f6d
36,2fb9c887-b726-4876-89db-9ac578f47c14
36,e2cdc74c-e8b5-49cf-96a0-6d2d7643a1cc
35,361b5e14-945c-4914-9059-b8a2566eb062
35,6929e818-4089-4bcd-a64b-f981eaad9f86
34,0523d9c3-66f0-408a-b4f9-f7440cad711d
34,19d80c7c-d4e5-4204-bea6-e1c763f3f0ff
34,b21e6d5e-4b48-424b-86ac-34f005396045
34,c9ad98b7-c2be-4bf3-a995-b086757ea23e
33,3b3ee7dc-d078-430e-b6c7-bc2b4e64f451
33,ac77152c-2198-4da6-99f8-cca5daaec635
33,e4713424-3a39-416b-b024-f932f5cbccad
33,f8d6a0f4-7186-4235-b631-a939380778e8
32,0fd6cd17-cfbe-4d32-bc53-fc88f600583b
32,430f6b4e-1e40-4a6c-a26f-75ebc5d6951b
32,4cbfbb33-07b1-4a21-a189-07a2898226a5
32,5f98815a-20d9-4a1e-9065-a67f22b1dae1
32,608b8b8f-5c07-4d2a-9fd8-32549a7a37d9
32,830e9216-6855-490d-9647-4e45e049ae83
32,8df539ee-10ca-4042-9d58-1df856e51067
32,ad23fca9-a7a9-4827-9e91-7b5c4059de66
31,30af6259-78b2-4963-a6bc-df0ee3038a15
31,82e25420-0465-49ec-8918-c2de8ee61e09
31,ddb5890b-1512-4238-a69a-6bff06052242
31,fff3544b-12b9-461a-bf47-9e5937392501
30,573ecfc1-c9c6-48f2-82ac-59769d2876ab
30,59f329e4-ead9-490f-b5c9-962d1aa08c2e
30,605df26f-5a48-4a0f-b4f7-83ee97c202de
30,656b1d0d-9fb1-4fd7-8f90-d3dcd04270de
30,7aea0e33-8a2f-4bf3-a967-b128ec2cbcb7
30,80e6704c-408f-403b-ad16-e5f4a0f8aae2
30,ac3bcb0f-315b-4f7e-a69e-fe9b43aa61b7
30,f5455ed8-8a81-41c2-a144-aa8e7c8c9a3d
30,fc960d34-8a91-4071-86a2-e51599866f5c
29,4bec0662-c3d6-4c3f-8bf3-e39651f148db
29,f34fe846-f90b-422d-8269-e9817be83e70
28,0b47bf3c-ab7f-48b4-a66f-1cbb26b72893
28,4bcc6777-e20c-49f6-8bbe-834018da9d98
28,8ad58ea7-c973-4545-af27-3e20170cb6ea
28,9b712f69-dc92-40c3-badc-c78a949b93a0
28,c2634bdb-6b3a-409c-ad92-37f2cee0d44c
28,e6600980-6e31-46d9-adc0-8b97611d7430
28,f09b325f-7623-41a9-80b3-fdf27ac85aa2
28,ff44d16b-30d5-48eb-a7be-cc609a9647e6
27,4926990c-22ff-41b5-b22a-39242bdc14ae
27,b7037f9c-f847-4c18-a519-f2f4e669dc53
27,be8bdd34-4d4d-45a0-ad6f-5ba86c6d3f64
27,cb277ad9-4822-4458-9d96-be554a8df1bf
27,efe2da3f-d9ee-4403-af2a-81a592f1f7d8
26,4119d09d-aa76-4214-9b9e-8cbf91c11deb
26,4af10825-6059-4c8b-b518-b287245aee8c
26,71750236-01f7-4340-81e6-7b8879790b0b
26,7bbb4320-0048-4ac0-ab7e-471d9971acfe
26,803e81cc-8652-4d84-9ce1-ebe8ae231696
26,8efdb527-1208-40c2-a706-4f0b4b7df935
26,96938f21-ec9e-4d56-a093-604000826aca
26,ba64a322-0ad9-472c-aa54-661909904d7a
26,becbd813-6fb5-463a-bed4-78e3f763eb7c
26,c159c007-92c2-43af-89f4-512111bc00a3
26,f0b50686-0b8a-4318-a553-ad8eac7e9946
25,1426a753-6f73-482a-9feb-02fb3267b6d8
25,1de12b7a-3153-4466-94c3-95d82d1cd866
25,88610568-fd53-41f1-a174-cc265e253cf4
25,8de67818-d4b3-49f7-a7db-703a15b16932
25,e8faec4b-5ef6-4e8f-b678-0b76d68772e4
25,f3388072-b484-4133-bea0-94baf311def9
25,f3c7c7ac-f3c7-4414-a1e0-976aa32f84a9
25,faf5e92f-f802-43bb-85dc-5bd8ae807bc0
24,0a16fec9-b738-437d-9e92-eeb8547e9092
24,207799cb-9447-4295-8bff-06c8f272a3bb
24,45f748e3-7c10-4ae8-97e8-def8e6b8a2ac
24,73eb0e51-992d-4bff-aae2-f0706e7af6bc
24,930badf3-952e-4ddc-a527-fae33bd0a126
24,a51f7a8b-c83d-4648-a9dc-90eed31870d7
24,a960ee9a-d3d4-4059-afe7-be1fefc9550f
24,e44e0abc-e8c6-4856-bfae-4acf096a0eaa
23,8562123d-f387-4532-9dd3-cd3384dd0ca3
23,d1f07bcc-8efe-4977-915a-742da18ffad5
23,e15fc8bb-7358-4be3-8fb8-541e98a98a97
23,ff4affa1-8dd3-4149-8b52-6a73ec5ef103
22,0c1a5e7f-ec31-4e9c-93a2-1f7f820a3e42
22,20958c2f-d91b-46a5-9573-4b29cea8a15c
22,3fce5c93-0920-4881-a7fc-c642b2bb0367
22,5013264c-1840-4524-8d18-9ee63696c210
22,5dedb9d5-796b-4dfc-b91e-507fc43ca3d2
22,9fb5f102-8d6d-4681-b010-463129e6801e
22,d936847f-2bab-4307-a562-2cd5d7ecc25b
22,d9ad29ed-6e6a-4266-90a9-94bdbb738ee4
21,09858f07-65c3-441c-a5a6-a3362586308d
21,34019c38-09b8-41a5-b33a-fe044a18eb7c
21,50d097db-e210-44d1-9ec8-e1a82f143280
21,5411f3a6-93ab-4f97-8f26-25d536a8245e
21,5aca1796-0b99-417b-a8dd-eec7bddd25a7
21,a8bfcbde-2c50-40e4-9fe3-c20209dcbbea
21,aa4751d7-8132-4163-bbcb-47808513b145
21,b5af4d8b-86e3-4f40-a539-4fe40dac87f9
21,bbbedb68-a255-4cfb-873f-fad6305b1820
21,f103411a-5272-4877-a13c-7bd919b4e9ab
20,0719c131-4126-4d65-a7f1-18f4973a1875
20,27e3bb83-9154-4a4f-871f-1df181379449
20,540dfb48-3af9-4783-93e1-ab628e08ae84
20,5b0b98a4-2678-4366-848c-69b8e714c1e6
20,61e4bcb2-3873-4fac-b7a6-f5b5560ad567
20,69f45f66-96ac-4774-a930-45ec5036969b
20,9b7d9196-1e57-4341-a9ca-e3b463e483c7
20,b95309d7-1e51-4bd7-b1ed-b6ba729fb786
20,c5f8ca59-90f8-4143-8a31-1987bcf806b3
20,da37d2f3-b554-43f1-968e-d64c9cd2ae82
20,f944484c-b139-4a2f-9652-a69dddd6af67
19,2b0de03a-1c78-4296-97f1-9e5c9cc86f59
19,3b817efa-26b8-43fd-a645-653b4c68d57a
19,8b156587-67c6-465e-87f5-3bd4f2fc9677
19,90878aed-aed0-4e8f-9d86-f5d4b94f91c9
19,a183e04e-2cc0-40fa-837d-2f0b3b813209
19,a3bbbba7-d2c1-4e53-bfd3-cc6a46f921aa
19,cb2d56e4-e1af-42cc-9532-cc9026045409
19,d52bdf65-1d75-4cae-83d3-fb05c5be461e
18,0ebd556c-ce0d-4e34-b2aa-26b09733331e
18,22cca750-e276-40cc-8f02-b12a097d0c6f
18,2463f657-8656-4d94-9fa0-e88155c43e86
18,8ade48b4-dcff-443f-af60-075676769bec
18,9950064f-87c5-41dd-bf49-6706222887d2
18,9f2b17d5-6f00-42c0-8122-bc02df9fa9bf
18,ab00edad-447f-47b9-84c6-76ef77d150ca
18,ae23d8cb-88e2-432f-9df0-81867421266e
18,b07be5b2-3fd8-4da8-b635-cf9dd6da1a0f
18,c3da8448-8fe2-4e9c-997f-bad74b34d3d7
18,c4ebfbc0-bc2f-416f-9859-ae277753ffd4
18,c75aa8d4-e8d5-4698-8494-de9f93a94d43
18,e1bda0d4-1541-4094-801a-e6bf91f5b8a6
17,017218c6-3189-4daf-9e34-5ff542ef6135
17,0d492cf8-b01b-4ae6-b6df-da8ee48f1b9c
17,118ae1ad-9947-43ed-af31-21dc379ca5ea
17,6078c473-ac28-476e-96b0-a2162ad830fa
17,99995d83-2525-425f-bf89-9215f8d232c5
17,bbfbe30e-f8f4-4d4d-9f2f-20327f925fc2
17,c356cadc-2efc-4407-b05e-e62a2b049fc2
17,ce3c7c90-0039-4e1c-a6a4-4675694915e7
17,e5459dcf-e9ad-4d3e-a81d-b2ae2b5f4ec0
17,f8f7eab6-8df2-4add-85a3-15fad0045e0c
17,fde51be9-ab0d-462e-b147-9e604c1576c1
17,ffc8d31f-5639-4531-bcbd-b4e97b5fabfe
16,05509e85-befe-43ed-b7e7-1a4640b01280
16,05b3c7fe-c5c6-4160-abd3-3e75bcaca681
16,3213834d-01ae-4cb0-894b-36aa7b4e2888
16,35345af7-185a-4a5f-8f1d-6007a07f2222
16,39b11af7-69e0-414b-8088-6a698e400b72
16,3c8a22a6-2a3e-463b-a134-e54d31d4bd18
16,3d69fd3e-bf64-4d11-81bb-108c3a9013e8
16,607992dc-60cd-4e53-a781-eb95161e20a5
16,7128c6a9-9c9d-4a12-b035-8578a2208a6e
16,8f2acded-e858-4b1b-85e3-7fdf4840fb74
16,a96f09d4-0e9f-456c-927e-3df3be325ea0
16,c6e356ef-7cd3-47d1-8a00-21e967a649b4
16,c793d019-9473-43c9-b624-b9b65916d08c
16,d0d18848-e951-45bd-a2fe-e4f60e65eaec
16,de1779b4-5391-4444-907b-9485e2e2eb07
16,e5820127-da25-4e58-b39e-773f99369b1a
15,0a14ca23-cf11-417f-882b-9a3e706cbeff
15,1496a14a-4776-466b-9e8e-c4ac00a17848
15,200ef0ec-eb43-48aa-91b2-4b6b0d6cd744
15,20d5f542-28a4-40ff-bc1c-ca1925096c8c
15,219e4c03-63a7-4717-89e9-6ac9ecc9b2fe
15,2f4617a7-0bc3-40d1-bfaa-d4a409fd25d4
15,43ed1c66-9c48-4ee3-8c42-694f02f55a7d
15,47c05c05-1882-45cb-b033-3d6ac1ec0eee
15,4e10d6b0-93ff-413a-8527-7c815ad7a39c
15,5bf3292a-1e09-434d-8e8f-d26ae86aaa9a
15,789dc6b9-eeca-481a-b507-e832be1dc3a9
15,8d4544ca-09b3-4b60-992a-1d25ec70d7c1
15,8d5fe2c5-7f46-4c1b-b0b9-40b5deb8b205
15,aa2e27e0-0a21-42b2-9c50-00865dd53682
15,b0b16119-dd31-4149-9263-a8ecf099a4e3
15,c257ee96-23e5-4b33-b419-36f9a6c5e7bd
15,dca214dc-8213-45e0-a23c-823761c584db
15,dd3b8bdb-c4fe-4647-8b3a-a28bf24f82be
15,e5960008-7a81-46b1-b526-d7dbea7e2c93
15,e8fb8e96-2635-471a-8b6a-04ab96db071d
15,f45d5bc5-91c0-40e1-8176-db33f3cd9e25
15,fcee63cd-92b8-4cc5-86d4-55b850c02ab4
15,fe3633fc-306a-4e3b-8a13-3843f9abebeb
14,0467dcb7-4187-4d94-84eb-69d1393e79b0
14,1eaf48ee-fae1-4008-be3b-662f08188517
14,38085a74-fd26-4045-9392-8aa12510e5f2
14,48156baf-8406-4542-a725-051dcbe7c2d5
14,48f0249d-1342-496d-a986-ab930cf0a8ef
14,495a1c80-c4be-45bc-adb3-5e52ab8d14cc
14,4e8ade0f-5f79-41d4-9975-cf8e28dcb1e6
14,70b1c62c-39d5-418c-9a49-f5abc22b438b
14,b060067e-a17b-4c17-8012-66a40692f277
14,c1a87a19-4102-4f7b-8d8d-da3c5ef71939
14,d50d2595-38a4-4c0c-aa02-f9340b7c493c
14,d7425985-2eab-46d4-b40a-01d1c48af2c6
14,da7480aa-cb5d-4565-a440-9349235b8b7b
14,fea0805e-d6d4-42bf-affc-53a817b2a14b
13,03e05042-562a-4233-bfa3-32a03055d368
13,45303603-8038-4ad2-a032-2e92aa56672b
13,46d6c61f-ae0f-4557-9a06-75b1ea9c0ba2
13,4d6ee4e5-e8e0-4606-906f-74803601c5dc
13,5b16e707-e905-4f1d-9e05-0003e49d226e
13,7746575d-8776-40fb-875f-4c268de54e2f
13,7ab50a58-d630-4aba-8472-fc835d93ddf6
13,8940a62d-60ca-4067-b786-6250c4d15a39
13,8c4068ea-fe0a-4f51-890c-f5aaf908310d
13,ab6aa236-b20d-46b3-aa39-ff9817ab4961
13,bc27b943-fe21-4bc4-bc1a-624c6d7bae7d
13,d13b6c33-8f73-4518-b6df-d4069519ed0d
13,d2a75bcf-7f16-46d2-8b39-9bbd7529e53b
13,d3ee57d1-bce4-437d-b054-e686d9abc727
13,dbe910eb-c17f-460b-8de9-f38fb3205291
13,e45b5b37-6546-41f6-8b45-2a028d141d44
13,e5dc1691-a5e2-4d49-8404-cfab29d5608d
12,3bb215a6-8213-4c4a-aa42-243531680dce
12,3c6e7eb3-a085-4bff-8151-e410636b222e
12,5440a027-12bd-49dd-8bd1-8dc15819bab5
12,5960bcc9-24e6-4c93-a3d8-a579ffd88c7e
12,79c3f1ac-28a8-40f9-89a3-c0236af384ad
12,b5e266e5-09a1-4686-95f2-f51c6af38c68
12,b8e55f19-2c33-4d7d-91d6-55a157b69de3
12,c327e414-42a2-4b48-a09c-d84f74efa3f5
12,e63ab05a-2d8d-4ac7-8b5f-3422c09e7e6f
12,f682bb9f-f651-4ef6-91f8-feafb44f7ec1
11,053338a7-d230-47ad-a787-ba5e432bb8c1
11,057edc14-9a8b-4cf9-bfec-497792551125
11,09c9e7d0-dfb5-4501-aad9-16a25f95e748
11,0f8512bd-a0e9-495c-bcb1-87a50eb20034
11,145920b8-1ca9-4b3e-9cea-2c26b1a40822
11,193f464d-95c7-407a-b614-0679844329cf
11,19874916-3c7d-4094-aed2-1679ecc0dfbd
11,22554b2a-b163-4e33-bbbb-de7fbb445a4c
11,2cb0cd14-23f0-4e03-8ce5-731a3059060f
11,34a4ec1c-a900-4172-8d29-104b9506fe6f
11,48269bc1-6cea-48a8-95f0-c5e01a07b634
11,488b708d-77c5-4200-a39b-bb43483b90c3
11,4b9ffdf3-c3bd-440d-b438-53ab1f3dd17d
11,69421ac1-884f-41bd-9210-72f826b07663
11,6d3a4beb-c3c9-4a68-8903-1de0acf3f742
11,6f1e936e-cc62-42c7-a75b-748f23e32093
11,71d69999-5fff-4d1c-a34a-f62aba5e7d21
11,722f1e2d-7157-4697-aa56-60796b2bc5bd
11,803278da-b1a9-4a85-9bc2-8fa672823580
11,9d71f0f6-8bd9-4585-b761-c094289c2a4a
11,bba58812-e352-4a1b-94d6-8f40af196f15
11,c1a970d2-557d-451f-bb7c-b221005250b8
11,c761abcf-2622-49a1-ae7b-562d03a10d41
11,ca13e768-2c61-4e4f-ae65-a09f10158243
11,d472027d-a2d8-4962-bd6a-b840d9c15b36
11,e66d59a4-267d-4f53-8f38-eff6f3dbf1c0
11,e9e34f3f-b346-4d16-a362-ea2e5860e9d9
11,ec17a54a-b42e-4646-bd2c-f851257e78df
11,f277a7ac-be09-46ab-8500-dc89e7e109cb
11,f3b1136a-7fb9-44a6-a74d-202666b63649
11,f7233839-2cb6-41f3-a80d-e41397ca8151
11,fa8b2f41-fd00-4a39-ad99-99c54905a433
11,fd35a326-ef84-4971-a8b5-6706344a5c46
11,fdf3b9d7-3988-4813-8ba2-e7b02dc4edd2
10,11cf9a12-b333-4395-9872-525c85d54545
10,3b39d512-c134-4eb2-8004-6c5a1cce58a0
10,41e0f140-e0ea-4349-b9be-9f9a884070e6
10,531f1470-7a8c-459a-982f-b0051323c431
10,5b0b9ca5-a649-44a9-a3ee-ad9b6f614b5b
10,66fe0b82-3360-40d3-99b1-91c205895142
10,6b6925e6-052a-4b89-85c0-bf1cbf249ebc
10,7251d8ee-9f56-4463-9640-0b863683823b
10,74baa8f7-2349-4a70-b786-32e554ebc82e
10,81df384e-8df4-40f2-9527-0da409db209c
10,8edfde17-2e02-4fb3-b8ff-d7af02cdbad5
10,92c81042-7c6f-49ac-ab75-8fe666303984
10,9430ef8c-c5ff-4a35-9af7-5c51ee6972ad
10,9b83225d-89cc-41fd-a91a-07e4a494f5b5
10,afeebc7e-2758-4775-b124-dc53b52efa2c
10,c78bfd68-7455-4455-9566-5717e8786633
10,cbeb17b3-769a-48d6-957b-4c1d1ca93088
10,d0017373-adb7-4e03-a720-da1eca403f95
10,d48f9b3e-5c23-429e-8993-f7f80140448c
10,d4ad0c7a-f0ca-4e11-a4bd-c396d9d84f90
10,db264d7f-4556-47da-8794-0ed32e6c3bd3
10,edb1cbde-3842-4256-921b-d20b27eb1cbb
10,f06e4074-b2a2-4824-a01d-edee4767858d
10,f8280f65-69bf-4630-bba0-0f1934d0298f
10,fc307cee-3b96-46c9-824c-e9c4a053357b
10,ffe879b5-fed2-4947-a48c-4eeb507e6735
9,0161d953-f016-4ddf-b823-20fdc80baac7
9,016ddb7d-f9ab-4bb5-aca7-357fe848693f
9,115e0139-6847-4742-bf37-d2c23309f390
9,445c5129-090f-484f-a629-f7f1edc11ee8
9,66d855d0-5b7b-424a-85e5-0f0cad3cd663
9,7651fc32-dc15-438a-b198-72d8e6f53364
9,84220a79-e682-4b02-8769-792f6dab4c5f
9,859f0a29-9196-4ee1-81ed-9fe0325b1a1c
9,86b3c252-8d41-46e2-a60d-8a7b2d1d17ca
9,8ef94a3b-d8b1-405a-b967-7fc65304f4f2
9,91f557c0-bb80-4304-96eb-25681a9a0af6
9,968345cd-657c-43e7-ac19-9773eccb2d7e
9,a4279a9d-d653-405b-b083-2dcdbec3be6c
9,a878a0d0-7862-44dc-a8e7-5d970ba1b0b8
9,b512a2a8-59d7-496b-9f15-2634fe20102f
9,e970dd52-246a-45c1-945e-dcacf6dd3bbe
9,ebde8877-aa13-42e6-b1c4-0c8bc06d5f4e
9,ed22b5d6-624a-4b8f-8ecd-72e7f89b1f23
9,fc80587c-c893-40eb-ab08-07a2aff9c228
9,feffd2de-0578-4f84-9ecb-06e06bb0cc64
8,00ee3829-3f23-40cf-93de-2b94a8f1ed35
8,118d2ba5-50a1-49a4-a9d3-0036fa61beda
8,17bf062a-8058-4069-a44b-606e12fb0fcd
8,1f3cc484-5aba-4410-a136-8233340827d4
8,260b162a-88d9-48b4-b054-e7cdf8aac431
8,2f7e0c3e-c768-4e07-964b-a0f888939a42
8,32c4969b-b7e8-4ebf-83e5-9b871aff06fd
8,35da528f-c90a-433d-82cc-fcc2898bf63b
8,45ca164c-39b2-4539-b3d6-1a9b233ac3d5
8,51059bb8-8121-4327-9057-f182b85bf344
8,5c24c34b-a507-40fb-a639-873b594ffb20
8,6e8f0e54-e8b0-4176-b761-2b5c7e84d382
8,73a09498-dd5c-49d9-9e7b-3f2acc0c683d
8,7c8e4900-31c2-4fd3-9a2d-d79e7cffd402
8,7ea2ab94-778c-4bd5-bc22-5f5a5aa5dfe2
8,7f6aed6a-5143-464c-a7d1-0d6ee4ef1225
8,8c4f698f-52ec-4fc3-9565-300c41d988e4
8,917e804b-0941-4917-a931-e7d97ce3d105
8,a3ab73b6-e2a6-4fa1-bd70-fc19e8758562
8,a7eb4cb9-8fc5-4c06-99b8-891db2c0d79b
8,a9ec2ba1-8ada-4958-b2c6-5d0bb681ede4
8,b8e2aea7-82e9-412f-93de-6c2e2243af88
8,bb61292f-5bb9-4740-8bba-2e9248eb99b1
8,c0c06bea-2ba6-477f-8ab7-da7b5b444d2f
8,c9f5ce1e-21e8-41e0-9031-0a3d8466eaf1
8,cc0aa283-be1f-4ee0-93d7-0f7733dff036
8,cd54f6a3-5def-4c00-a115-cd72b74a0736
8,d5767568-8a59-4e90-aa83-e3705de63481
8,d90e1710-265c-45ac-a842-d84c38aa90f5
8,e0d7ca34-7fc4-49c7-a1a2-3fac49067ef8
8,e119c03f-9a84-42e1-8437-4424c76d8bef
8,e199bda8-9887-4150-b628-f94b9105e4fc
8,e885899a-2882-4a07-a941-4f5d867931a8
8,ed725fab-111d-4016-b24e-76f4bb12bd56
8,fb96ee4c-d4b2-4872-ae64-24ab3acd07de
8,fdc4f851-1a97-42de-a6bc-584d9e29bfc2
8,ffbf94ba-f50b-465c-85e6-365439978856
7,01aa889f-4df8-4199-a36f-a187898308ae
7,0247a3f9-5c1f-45be-853b-fa9f8e645ac1
7,12af531f-7be4-4044-9f28-aee089962eae
7,19565005-c1ec-43cf-89a1-992b85c10bac
7,1968d81b-2a4e-4845-98e1-301dd6f4ed46
7,242804c4-ed73-452d-8a47-e7795a86bec1
7,2fb983b1-db6c-416a-9295-9d1724cfdabe
7,3057f36d-a65a-4ef3-8621-ce12c900e8a3
7,3a1f3c49-745e-4b3c-a133-e703fc3f1603
7,3bface5c-8d60-4b68-bb0b-90e88ef66f2c
7,3feb27e2-de13-47e5-af59-6407604f0187
7,4dfe2c7a-1137-4483-8f34-1547daa5b23a
7,54e943e0-7d5c-4680-94a4-dc6a96016fc4
7,569e4f26-6fec-48ea-9680-07066ab18f0d
7,5cc54e99-3e85-4ec8-91fc-514548a11d83
7,5ceecccb-3eaf-4dff-9cba-3293582a849f
7,605e385a-dc9e-4c64-a1e3-5b7cba1f0d10
7,639ff6b7-4b9e-4d66-beb9-78989c5fe369
7,69735472-b2f9-4c37-bc16-eb4e47b8043d
7,7882e78d-e747-4a80-9c42-ef1c442af404
7,7f770b59-f0f7-4817-ae8b-4e7373475e25
7,811bfd75-f83e-433a-a6a2-06da8e90018d
7,821a20f0-d8b4-4f52-b55c-8e55edf51acb
7,8c1f5aa5-45f9-483c-9f17-616dde9ed75e
7,9118fc22-b8d0-43fc-9194-2a377fa6fc29
7,a5835901-2b31-4bb8-9433-faeca749e6c4
7,c3420848-f343-4ce9-9fd2-a4e2f145602e
7,c37ef338-d1b3-4a4f-a0c5-15b4e80f78dc
7,c709baed-c1fe-4fe1-a06b-06fe6c55caab
7,c9ed3f4f-f125-4638-866f-eb7fc953cb86
7,d133aa90-7122-4b9e-b52f-3270449ac974
7,d3af4122-1e0f-485d-a380-ae9f4a5cacd0
7,d7ab8494-c8ac-468c-930b-e31c59fc5c80
7,d98e2b9f-2f56-4aa2-b7ae-2762ce400c17
7,e5186643-84a6-4e1b-9646-b16f8df1bb72
7,e7c3fa82-6417-49b0-a503-8be944d17381
7,ef78fecd-5692-4bc5-b344-05e2b871d83d
7,f70732ca-d2c7-4489-b04e-2c70bcf3857c
7,f938a5e0-96d7-492b-a0a7-3f2f27c623de
6,080a7fc6-61e8-4be1-9210-d467883e907c
6,08820e3a-4c18-4835-a158-b060284bc139
6,13eae10a-1b9c-4fe9-b05c-16efa8c82c6d
6,16213425-2e3a-4011-ad8e-beb357ff5fa9
6,2023fb50-308e-488b-af43-dbd98c627f34
6,20ca1112-8d00-4afe-b5d7-09067d46089d
6,25d69d24-0d8f-44ae-a470-cffc2fb3e698
6,30408c98-7de6-4f8e-bacf-ce72bf9cdcbe
6,33c20582-36d1-4677-a5c0-725b9f74a542
6,35720f75-02ee-49e4-b7f1-b18872c74f61
6,35bbc770-2870-49c8-a6b2-98abfa21cada
6,3c44729f-a9ff-4bf5-8e7d-8d954798cf1a
6,3c6e9684-88e0-4734-a06b-62a285695c43
6,3e9a4ac7-384d-411a-a4e9-05d166954c6f
6,498f6236-c68e-4953-928b-4b677bda13bc
6,5dcce965-1153-4d92-8cc1-d429a6ec6671
6,5ff188e1-4ad6-4532-bf9e-c7a7f49e4740
6,6a703269-93a6-460f-9949-d17a69ffd218
6,6d722191-4b8a-49cf-8c8f-fe3e2de307c2
6,6e69de7c-7377-457d-b4b3-5dae3d7ff49a
6,6f8d2508-362c-42d4-8758-f419aee49850
6,83f9a8ff-47c4-4d11-b329-ee0915471131
6,84753b66-c789-4d14-aee2-4db3000d210c
6,8cb79827-029b-4499-9d32-9551843587a8
6,8ce60a16-51c0-4164-b04a-c4d7e0c8cfd7
6,9329de77-69b8-4f67-8559-f08c43d47fe7
6,9a025f4c-6ceb-4873-bd2f-15cf7760c111
6,a054c39b-f0df-4bcf-ad07-b40737e96fc6
6,a1624c7d-d162-4756-9e5e-0072a00cc9a2
6,a84dc347-c81a-4947-890b-f9f979680887
6,aa5bf0da-8a26-4be4-9cc8-bd9ec02376af
6,ae429769-98ed-411c-a855-d97ae4e3871b
6,b14f01a6-62a4-4fee-887c-0cab54ac1970
6,b1e009fb-cfe6-492d-a951-9be14642e5dd
6,b590a7e5-1729-409a-95f9-82216d6dcd4a
6,b6935263-85de-443f-8fbc-bfcc5359f2e3
6,b69cf29c-ab2e-4bfc-9645-11583cd3a5c9
6,b999fd4a-a3fc-4b76-a559-f7a7a1dd0009
6,bf533ac2-e863-4317-bb94-8753a1afcc87
6,c9f1f3ab-a39b-4272-8e70-1c7b7c8989b9
6,ce8dec58-501a-42e3-a5fd-bd34e6273175
6,d062ba1e-99a8-4111-afe1-bb299af7ba55
6,d2254004-208d-4137-9884-1565156f3b29
6,d4d5d2d4-9f4b-482f-82ad-41f396da5040
6,d791ea27-649f-4b0d-a56b-8aa500722f5d
6,dd8760ce-f1c5-434e-9ac4-30b74c630d2d
6,e2b9a1ab-cd60-4343-85eb-01e1f34ba95b
6,e884aff1-a4e8-497f-b6be-f6b7b6e67b32
6,ead8b49a-d290-4674-a454-a4a461e5e378
6,ef2aadd2-5172-414c-9586-1b9583fb4ed8
6,f4c3704f-a70d-4b0a-8fce-6b4b72a41b72
6,f6075380-0d7e-4e03-a961-9fbe3aaeaff8
6,f6ba6440-b872-4226-977b-09d3c29b377b
6,f81dded0-8467-4d93-81d4-1c76e82ae4c6
5,01a665ff-cb4e-4054-9d5b-47ec418990af
5,0244c778-630c-4d60-9afb-9292a84dfe88
5,07975f4c-560d-40af-b163-ffa5b7f41a94
5,0813d158-0b80-4fca-85f6-1fa9097c0162
5,0e6c29f6-2b8e-4b8c-b5ca-4e8e2d5ae381
5,0f0babbb-8eaf-403a-a0a5-646dbc8468f6
5,1704fad3-0cf6-401d-8b8d-35af37832e22
5,185219d5-dd8e-4c98-946f-1a0c98531f15
5,1b80a143-9718-4f44-aa1e-5f56098c7bb0
5,1e60f48b-5e16-4197-8708-708c7e8b09e5
5,1ea0d292-af03-4b19-bb5d-a6569f49c625
5,22160cd6-7286-453b-bf51-2fdb23c7beb3
5,2d27d008-4690-42fa-869d-bfbcefba6af0
5,329c12fd-39bd-4843-9837-c53b8b718075
5,335cdcc5-d813-4087-bb3b-c95f3536509c
5,3b91157f-a2bc-4d31-b819-63c6fc152c60
5,3c364b3b-5b37-4d74-93a3-09770d3dc6f4
5,3cf8b0e0-b1ba-4faa-8429-fc2581303da6
5,3e723f27-5dd4-4e98-b94a-0d9955c2ac31
5,3fb3f05f-066c-472e-b736-c3855ed12749
5,4af36148-37a8-4716-b811-09b623e00899
5,4ce81e47-900f-4691-b6e8-3f2a19ddbfe3
5,4f633291-0881-4f58-9dbc-24d304e0f569
5,51f6a3b6-8dcc-48c0-a688-d8b9e1935b8c
5,5aa71fcc-914f-423b-a415-f06c4c156645
5,5abcf72c-2c6a-4ff0-9fcd-12d0b5c2be74
5,600693bf-b842-475d-ab0c-6b5bbf558341
5,66224be1-fd4b-4ebe-8fdc-c51a79153987
5,66d0f6e4-c947-4ee1-a269-818b14b281fc
5,66e3e40a-12ac-465f-a18b-812b7955af32
5,67f25aff-e0f9-412d-b368-e6b6c2b00504
5,6876a099-c81b-4ad1-a29c-4799562016f0
5,6bf0e825-07f5-428b-bacf-34de35551cbd
5,70a7e03b-a667-4f35-a043-79fedddd64b2
5,7107b847-d975-422e-90da-d6f82bedb149
5,72f93377-a548-490e-8458-0093f4075cd2
5,74d0f823-0153-456a-bd34-c3d61e9d90a4
5,76f33b99-b727-408c-8ccf-1d61360c2474
5,7713048c-5f53-4c0e-b113-e9b34e6b98b8
5,7be977f9-ebca-4c13-a76a-318a6eb88f78
5,80a91031-2f1c-4231-825a-bb6b7f0bfbdd
5,8466c482-348c-4951-93ae-7170859cc89a
5,8505d3c0-84b8-4301-8e04-77a3ecbc8df3
5,885f485b-c71d-4e1b-a71d-46bbb19776a3
5,89133c35-f949-4028-8325-e57f335c7dd6
5,89876958-61ff-430e-91e8-aa8d8e83bb90
5,9017d829-61e3-460c-8cb8-ba06393d4827
5,92c554c5-4d44-4316-b545-61cd8020791a
5,95795621-af55-4f46-8538-7a03f1d54e65
5,997ed3a1-17af-4838-b1a9-8207b33eca48
5,a61847c9-6a30-40ee-8636-0ce25ced1e65
5,a64c54c4-a77a-457c-8c3f-175af80a088b
5,a6ceb7e3-8191-4f38-a0a5-64fc6166d847
5,a7739f14-e1d4-47ac-aab0-d60677ec51a2
5,aacd10ef-3514-41f3-a9c2-d9f84e7c2f9b
5,ab507ceb-c163-4b9a-9351-f16ef57965c0
5,afe2a644-ece6-4b31-93e0-917b14d33192
5,b1331df4-f7b0-4149-89a2-283e98c057df
5,b4c5c81e-78e4-417b-b625-119803f11c67
5,b6b3f363-da5b-404b-995d-35d0b0c606c7
5,be1925c2-36d0-4121-b90c-1a106b62fc91
5,bf8f77c6-ba5c-4b3b-9442-d03bd765e559
5,c6c201f4-0093-4bd5-978b-727a2987bdb7
5,c7086c2a-7022-4a45-90aa-4e2488c09795
5,c7488623-de6d-4518-b361-bdcad168ec54
5,c87ce5e4-1b5c-428d-876f-b57af06e2254
5,cce86dff-df3c-4237-8b60-25b61740a453
5,cecd6bc0-1def-471c-b9af-3bf2e2a45af2
5,d07f3155-1db3-43c1-8eba-78a3410f24d6
5,d9467db0-1e92-481c-a2c7-43a64c6b4122
5,dc993dc1-f62d-41db-aa47-8d7c4ebc1346
5,df97ee6e-4439-4956-be0b-1c2c5b51317e
5,e8703482-a678-4d5e-b939-8fb4afbc8f54
5,e9324fc3-be65-4988-8fb2-d40a4c92e829
5,ed144930-990a-481f-86ef-49933fae7bd0
5,efd242b6-7f2a-45c4-85d8-7b4ebab3c877
5,efdcc557-337d-410e-ab4e-bde600d0264c
5,f0d76439-8dca-4c78-b51f-34c91ab52eeb
5,f3e294f1-c883-4853-a124-4dfecffe7b47
5,f715a8c6-7b46-480a-a5ff-4ae0b9fe5093
5,f8d6d69c-c2d3-4567-96ac-82b696540c1d
5,fa7851da-3dee-4a85-8cd6-a07045ed6346
5,ffbce027-d855-401e-932a-fb5a3d1da122
4,07aa3431-999b-4ddb-aa66-1e2982306ac8
4,0df3d951-5470-4d85-848a-24c26c1a8c7b
4,0e136fcf-35ad-4c63-9890-1b145f7a15ac
4,0f3ef27e-ddc8-47e8-9c7f-f3ddce59c6f1
4,129734ac-8d0a-45ff-b7de-4ee811725ba2
4,1360aa00-a989-4a6a-b2df-167920afc0c9
4,13efc2fd-3e49-4470-8c34-e172d356cf54
4,1502a8b5-03f2-4c0e-bd1d-73d577712449
4,15e9ee3a-07b9-4d0f-894b-f6855daf92d0
4,1a60bea5-6b87-459a-a9b4-0dd965a52d01
4,1b67a4de-aebf-4c00-b7ac-4c5c2ef5ba84
4,1cc5ee10-8c16-445c-8c80-1f754532eddf
4,1d3c6676-905c-4280-b953-bc29adb19668
4,1e08ad20-cd0e-437c-a9d6-a01bdd9d4d64
4,1ef6e2f3-b390-4b1b-8582-f3798fedbc3b
4,1fd0f6d0-79a4-4012-bf82-7ea94db3d32c
4,2089c829-cd8e-4a97-a038-46fc6a7f17a0
4,24cc79fc-505b-4c3f-b0ff-39499d421ef0
4,25a2e05d-bc2e-4b50-8f60-c03511ced3f2
4,25f32e35-a3d6-4e3b-8cbf-e870013bd0ce
4,2e998100-3d86-4369-b89d-1cfc42cdebd9
4,3356c8cb-0d39-4cc9-99ce-354a12f815e9
4,369e65f6-e9d8-4d9d-bc20-64cefd2aa28c
4,36a20da5-fce9-48d0-8273-279a06363101
4,370b8473-dbb1-492c-8ecc-08db3a7ef124
4,399b0196-3ec5-4a28-b8b5-ccf6b82340c0
4,3a4091e5-4827-4205-9049-6cf50d493fac
4,3c6d412a-580c-45f2-b35c-5608dc860b0f
4,3f153a6a-1ba1-438f-8a92-0ee392f6d925
4,49302c2b-d172-4beb-9796-1bf9e34a4299
4,49884979-98e9-46b5-95a1-fd1810b11619
4,53f55751-2fe4-403f-83d2-43cd204a44e3
4,542610ba-1361-41b1-a96d-1c7a6e3997b2
4,5692fcf8-4b67-4831-be3c-c405908f83fa
4,58f5a616-2a33-45b0-8c67-3bc28d85ceeb
4,5dee9cdf-cd7e-4910-9203-ab9b4c4c9788
4,60ecdbd8-9a2a-4120-83bd-13ede6520eba
4,61dd6a12-cdc0-4ac4-8331-5fd5bf5aab5a
4,6231a0ab-1db3-4e94-b0d2-fe069c225522
4,64f48a11-72de-4da4-a9ae-be37b8fef1bc
4,6a8c42e8-b998-4448-aaee-b10af454965f
4,6c2e3ad0-6242-4858-bd82-ea4820041b3b
4,6cc4cfd7-0d86-4d77-bc0e-0c569036863e
4,6f3f5c97-de97-4cb9-a762-9cd67ab37c4f
4,6f84306a-e2ba-495c-a61f-26d901e307c7
4,7073d339-1ee9-4a5b-b76d-55fd93eeccc6
4,7243d7b7-eb69-4282-81e0-c3342402eba5
4,7429b664-e2d9-45e3-8a17-4f20aae47164
4,773afe19-50e3-4a0f-93c1-75b21bb238a5
4,78c1ff7b-5671-4b2c-a162-ea14344754e8
4,87c7adee-fc3a-44cb-b7be-1f6cc07eeb78
4,889bc3c6-0199-4e23-b898-7a29549f7e0a
4,89066bad-6418-4f95-8ebd-4a1d090b3ee1
4,8a0a1dbe-f645-4b26-8a76-85814ef2ebd5
4,8c4734c8-6845-4e83-be80-a8f9e438949b
4,8f6637e6-b590-407a-b62e-48b927261c8c
4,8fdb94bd-cdea-4245-b396-c315d19b264f
4,90b844bb-e95d-4ddf-9c51-8b50f98eb0ad
4,92cf7687-8f25-4f35-a1fc-5de700ec5a05
4,959f7a42-0098-4618-a3d2-a1d0a9eac6a1
4,95b47260-2879-40f0-a543-c23dce68c941
4,9a3ae425-2fd1-4c25-bf68-c3a0d1e7ae04
4,9d3394fb-4f7f-42e0-bfdf-5f1369e232bb
4,9d9204c8-11b7-4bcd-907d-52a3bd29bac6
4,9da0bbee-a184-4eeb-bb0b-8193213c3454
4,9f6df31d-b7b6-45b5-a6b1-ab4166a758f5
4,a441a911-9975-4954-9104-a7f52c50da75
4,adf8ee6e-3b0f-4c16-ba9d-ad3acbdfd0d8
4,b3b149c6-820c-4d5b-b747-73d0b4800639
4,b5ddd403-2a7e-4fb4-a936-b251eb0d8602
4,b76d3250-19b3-4062-89af-14ddc1b27ce8
4,b7f35cec-036d-4c6e-908a-e13d0bc62521
4,bcd78e5d-2e60-4c9e-bacd-9f125b50694e
4,bfb1462b-e2b5-48d4-8b64-14adae97724a
4,c233ce3c-5c9a-4767-8863-0f1524fc7ff1
4,c2f738d5-460d-47ad-82aa-3e0d4c26fc7d
4,c342f0ad-6eaf-4289-ac19-9dd20693c4bf
4,c3f81404-1c49-4e32-a329-393cd7a72945
4,c5177dd4-095a-4583-95ec-5a154e9c1a59
4,c63a440f-fef5-4a9c-821c-b454eb97f415
4,c841bf16-4952-43c9-a2dc-0d524a4af459
4,c890444a-b76c-40d2-b86f-e7d887faf77b
4,ca389df6-6042-41d7-a963-6def21f10768
4,ca946153-727f-4709-878a-e63b3df43d3f
4,cd5eaf5f-9d96-4355-9dcc-641693eb42cb
4,cf73d49d-54fb-488a-bdb1-6d9da11b5aa9
4,d058da6b-49a7-4136-b65b-f97c46b9c36a
4,d0b0c7f6-e071-4a3b-953e-7dcfdacf846a
4,d38a24e6-9d22-4e3d-ac73-8f344c3bea8c
4,d7966338-564d-4974-9687-7c447093a27d
4,d8644d3f-530d-4830-9da8-9d80866c537b
4,da9e972a-ffd6-4a89-87bd-559427ce34ff
4,db3b0d3c-119d-46ec-b080-c36e7c76f4f4
4,dea13219-0664-477f-b491-136decdd74d1
4,e110c47a-fc32-4119-9489-c46c9cbcc56e
4,e1baac48-0f20-4950-8770-8dc43a1c7725
4,e374196b-6429-4a7c-9126-4bedb28ac64d
4,e8eeb1fd-feaf-4063-8161-4690e4822ef6
4,eec8c409-975b-431d-8c6c-bd1d4286b174
4,f1ccf7de-600b-474f-acd0-4149bf338e59
4,f816ae0d-1669-4088-98a1-807d9dfb9713
4,f82ca4b2-83b1-4ac2-9e7f-6324954dadd0
4,f926de03-417d-4deb-ab17-3c215becc59b
4,fc8fa339-eac0-40ba-938d-318b9c2c5410
4,fd89ee92-93ac-4145-9052-1a92b0872a7c
4,fe383e73-af97-41bf-8882-248b12933c62
4,fe715395-6237-4296-9aa1-a9d877f17f60
3,017e7fad-45f7-4966-bfed-e255e377f058
3,034e7b92-5ee7-4f10-a52c-764745794af3
3,092cc0c7-9251-4103-8f55-95776325a0fe
3,0949d962-f864-4b1a-826b-fa4e3803d71d
3,0a37e6b1-3f48-44ad-9394-3760e5a35982
3,0e53a646-3376-4070-87e1-b119bc0ada9f
3,100cce13-fceb-43b4-a921-478fbf4e4d1b
3,137ef527-b9c5-4ae7-a483-b284557b16a1
3,167c4bcb-7006-4d7e-a41e-8804c9735ed7
3,16965d1c-9c4a-4a7a-98fc-e13a951a2029
3,17e1c12b-e344-49de-abff-8f8e4be967ad
3,1a539253-32ba-4d01-8bb7-00766e0a8935
3,1a5c3b6a-286d-4f56-b249-b4ea8da2d9c5
3,1b03a71b-6d85-4d7a-8657-f9eb97b2b9d7
3,1b04d955-83aa-44fc-af5f-8c7c82d276fc
3,1b31f3b8-189c-4e18-b342-c4c3aa9e659e
3,1ba230f4-146c-4182-b820-68618b0d6a96
3,1c5a799b-df8a-4eb1-9bc7-d987bf9d37a1
3,1da40ce4-f969-4830-82f9-9677d822c06c
3,1e07489b-14bc-4924-aad9-26eb0d095978
3,259a28e1-6248-4424-ab74-7d71531b2efd
3,25b4f8b8-34d9-44fd-8edf-52bfc663e2af
3,261826f8-9c72-4d3f-8a5a-b8b598d1300f
3,2b11c178-508a-463b-8de1-85fa52d413a2
3,2c422687-37fe-4be9-9591-cde601020497
3,2d2fabf0-f804-45f0-9fc8-b12c52c0316f
3,336d12c8-c79a-4ecc-9fb7-ac9043e267a6
3,33f5cd43-f10b-4504-bb41-2765aa2528e8
3,37e5f157-cef1-4313-9eca-830dfbec1a80
3,3c329296-202e-484c-a963-e002cc677dfc
3,3d7a23f1-6a48-4277-8c8a-ffb11f210016
3,3f28d584-3a85-4dcb-b048-827fa37414d0
3,404ec426-13e0-4f5b-b43a-7ff564f09477
3,42b4d6ff-ebd1-4d2b-8498-94352fb04a07
3,45608eaf-3527-462f-908a-605d47957920
3,4700d486-4f98-4cfc-a916-ffd8158e6256
3,484c216b-ce3e-4b70-bf14-a89391112fb1
3,48f00090-fa44-4870-aa53-f0bb8242867f
3,494fc315-85ea-4807-a35e-b105bb3ada97
3,4a70ee98-df4e-487c-a6b1-2e01cde1bce6
3,4b7cb472-6d46-4dbc-8fe6-55102399d09b
3,4c68037b-8582-4801-9849-27d7617804cf
3,4ea7ab50-141c-433a-97f3-176413d91bfc
3,533b4b16-0ea2-48fb-9f11-b8d0f8c5edc5
3,54e0ca3b-19fd-467f-abea-a74b686b450e
3,56829615-baf3-4793-ba38-1a3011696a7f
3,5c7b5ec4-01d5-4a00-977b-375f507d46f6
3,5d97ca00-744d-45d7-b36f-993733d43d1b
3,605bde3d-c40d-4ecc-a7e8-f7bba89700de
3,60728cf8-721c-4d21-a25f-4a734c7a969f
3,6263b10e-fb58-4c92-91c8-b29fbaf7a392
3,62c8c433-b07b-4c61-b8a2-d72a0a1e0591
3,6b726af9-502a-46ea-bf09-f96fdcdf3f09
3,6c5260a5-d362-4551-93a1-90dc90a64167
3,6c7b09de-124d-45d4-a304-2aceb0fea28c
3,6c9dab00-8846-4bd6-b19d-f0c4dea4125f
3,6f3329f2-0253-4d90-adcd-a646bef0683c
3,6fb960cf-9130-40fe-8f26-f1b4929a23fe
3,72067e47-2b03-45ed-86f0-3614c75b299a
3,7af97227-6b70-4795-bb21-e126f00c1110
3,7c7d3a2d-7a32-47c1-a1a1-0cce7878b95e
3,7cc51e5b-696d-4ce1-b8c8-945b4c9c0239
3,80c8c5a4-c7b6-417d-9d8a-fe741781486c
3,840f46e1-10e2-40c7-9fb4-de6c2cc58c8a
3,84fb527a-9e57-4daa-8585-6039bd0302d6
3,87ffb7b9-e435-4f66-8a14-4a93527b3f04
3,89402d27-a9dc-42df-9dd2-ea75cc829e2d
3,8a0e39a3-b901-40bb-b9b4-d1b9f57178c6
3,8b2179b4-b474-435a-bfe9-409a8fe4699b
3,91fb935b-8808-445f-9205-0c8521b7496d
3,929c80d7-4eff-4f4c-b6c0-64e56b6213a7
3,9994eb82-fa20-4a7d-91e2-0d1afc4fe04a
3,9abbc405-0475-4997-b87b-a88005e52448
3,9f62dbf9-1937-496f-8883-3743f4bed97d
3,a0fbc3ab-5531-4a9e-96a7-39d77d78ce63
3,a7f9887a-0f49-4ee9-b887-fb3199d76dc5
3,aaf75e46-16f0-4b04-ba7b-fa4b39c3e1e8
3,ad5ffec3-9491-4def-917b-bda198c99322
3,adbbda33-b241-4895-9152-4f82b2973eb1
3,aeaf8e53-5162-4a38-b9c7-c87de9954f4d
3,aeefdafa-5041-473d-a479-98686c6a4d23
3,b2f09fa0-9dc1-4275-9537-572f41d40dcb
3,b8eaa331-b799-4b63-bad5-43ca081980d0
3,bd013443-dead-44a6-9ec0-d5083afa9526
3,bd703485-d271-48fc-87f2-12fcf6050a70
3,bece368c-99c6-495e-a833-96dd2691e481
3,c08ca030-37e7-4d67-bfbe-dbbbaa1e812a
3,c40627ab-ca4e-449d-853c-9db67e0bab75
3,c9cb998f-6510-43a2-a8be-ccb8e2c5dae6
3,ca8d936b-0c5b-4396-ac37-0650a1ec8c75
3,cdd24c6a-9650-4582-b701-62f32c15ad1e
3,d1180f39-7df8-405c-b2fc-a697fdc06ceb
3,d166055f-3dcf-4a18-8d33-40599a444c9f
3,d212de7b-c77d-42a3-9274-c5c1901edab5
3,d489afb2-e478-4d1a-bd2d-67aa476ad4a7
3,d6ff02ce-e76c-4e5d-9af8-168700bb4b9d
3,d8a47e0e-49d3-45fe-a20f-e3da5f271acf
3,d9f067fd-0deb-446f-bbc9-94033b0533c7
3,da509706-5e25-493a-8588-0f0d1d31574c
3,dc5d86e5-6c46-4970-98aa-36484e0b7726
3,dcf8e23b-51c8-4d5e-92ac-0e4f330027f2
3,de257168-db43-4eca-9206-e54c31487035
3,e07672c3-f48b-47f8-9252-2dc7953494dd
3,e2a02df4-c4ae-44fb-bf87-3cb02652708f
3,e2bfceb4-77a8-4450-bcbe-d67021c0019c
3,e4994dac-0495-499b-bb26-50064cb82827
3,e4ef2917-da07-475e-ba5d-b0a2c3764c6c
3,e55fa60a-b228-4b1e-8dc2-2a4ad5731c06
3,ece8f893-71a1-49c7-8a80-91477e956496
3,ed1fcc5c-0a9a-4d1a-ba78-008af8c71f80
3,edc3c64a-4c04-4650-ba3e-16b9550b4711
3,ee79556e-e862-4c46-bd63-ee5a9f3ba539
3,eefc72b0-3110-44d1-bb1f-8be740bb892b
3,f03fab41-6d6d-420a-8406-a12094a7765a
3,f1cfe442-de58-48ac-adc4-0737b47c91d4
3,f22fb4c1-5bd4-4a9c-82b1-0d033f7714ea
3,fb4add4c-4de4-4d6b-9e57-f5b68086686f
3,fc132b80-4e86-48f1-8d02-ed401fa77a60
3,ff5732aa-97b9-4aa8-abd9-2bb2f1a058dd
3,ffcf8319-b72d-41d5-aa38-897989e970ad
3,fff0e713-b4ce-449b-ac00-2bb0c7d6a77a
2,00cb14aa-5817-49d3-9365-ae6f7df0e9dd
2,01eb01d4-b5a6-45c3-90d2-5c89182850d0
2,03901065-8aa3-48c3-a47d-2a41cdd00ff2
2,03c40207-a4d3-478b-89db-1d7bd024091b
2,0411f8cd-3c9d-4ccb-97d4-140b754ad5e2
2,04e5852f-7752-4978-9204-1d265f5ab9ee
2,086847ae-b197-4bac-9120-51eccdde008b
2,08a9059b-e6d4-42a9-aceb-830c9e0f04dc
2,08aafefa-76ec-496f-a576-d6b7d6a12365
2,08aed1df-d0f9-4b89-afdd-a1b5a5e35258
2,09add6f3-794c-43e5-8aa9-7c73396c2e5c
2,0b965eea-5a64-44d1-821e-cd38966945d4
2,0c83ad20-2e5a-4050-bfe6-192e3837f510
2,0ca18e0b-dacd-4906-91b5-c8cc75fedad0
2,0e878888-a577-44f4-aaa4-f2e77851ff10
2,10b272bb-f672-4a96-8855-0e6f8ac556f4
2,11a7abff-ee2a-4dea-a8a2-fcd0f2792e99
2,127b4671-fb56-4c77-a90d-c4e87a435ba2
2,12b73016-1d91-4206-9966-558312dbe37c
2,12f897a0-a08b-4f08-b91d-9b1ce0a3d3f3
2,13371185-4071-4a2a-b41b-5ca244f33655
2,1390a621-972d-4fcd-80ed-9c9a9a484c96
2,13ef76fa-b6a7-4a7e-ac58-fd5c814a9baa
2,16f621c1-eda4-48dd-9df2-f98a75e82b58
2,18dc2513-b249-4e28-b6f7-0acb9666147e
2,190c174a-5695-41f3-81b6-0b4da1297616
2,19463208-8aad-426a-85d0-dff72c1732cd
2,1a006fed-7c71-4ae0-805b-befaf07ff2f7
2,1a3216a1-6d6a-43d6-ac63-27d17eeb7fda
2,1a8e80f8-b03a-4107-948a-2ea21f3dfc98
2,1d2a5f24-f1ce-490e-a548-70fed6e1d33e
2,1e4141c5-4d19-4946-adf1-f989141a8194
2,1e63e218-2f5f-455c-bc04-cb88fef96847
2,1ed13e42-6189-4f26-ac2b-f17f5702040c
2,1f9b5c76-865c-47c2-8ef2-2b3e1d408708
2,207aea3a-aa23-4562-b29e-e8d13d6df3e0
2,214fc16c-3333-47db-8cb0-9973a6c84c13
2,21bdf671-6ce8-43ca-867f-ba649e550c95
2,220bfcc1-f99c-4a57-bc84-2e8e4e12ad10
2,24d48367-e566-4204-b6fe-3b3f53c9bc34
2,24e77e3e-da73-4e95-b0e3-f9d313fc3532
2,25c32cb3-2ece-4f73-b570-5bfd39124b48
2,261c52ad-28e3-4f42-b52a-c2f11b762f36
2,2630f785-b48f-4ec1-89ad-7dbc4b277352
2,269a2e0c-2b2f-478a-b173-4a92367906c5
2,29676f12-bf6e-409a-bdeb-8776fb533383
2,29aa95d8-0d9c-4022-8541-345fbf04289a
2,2b24aab1-f8e9-4d07-b896-6a7022df5400
2,2c13fc5f-e981-4c67-b914-aa26785119d9
2,2d8471d1-786c-40ad-a53d-cc511aa0ab8c
2,2db19fa5-0474-40bd-9b57-eeeebbe5e446
2,2f30e6ac-fb4f-4c2e-a4cb-6b8805a8fa64
2,30326ff8-3fbd-48fa-bef7-05e19e0e437d
2,3309a2ac-b327-4bb4-85a8-0b349011edce
2,33e2d841-1dc7-41fc-a0a0-02898f820579
2,344f80d7-e9d1-4fa0-a945-e4d201721a99
2,367c9c43-0417-4cb9-85be-daa26f804380
2,3799f21b-0de3-4d33-ba07-6fffdd3c6dc4
2,39573c9d-814a-4558-8b44-532f8831bda6
2,3d6acc94-702d-4b4c-acdc-b723183fdbfd
2,3f8f8bdc-30ce-49da-a760-924877b098a5
2,3fd21314-d560-421f-8b88-582a7dd7e3eb
2,41b0b1f8-a6c5-4d0e-9d2b-2bde02295989
2,439cc3bb-0af7-4711-8662-53045031353a
2,4427024b-8f22-4044-99f4-035d5af29cae
2,449d1cdc-e7a6-49c3-b07d-f7d56e23c562
2,44c43dee-0425-4a61-9931-d4236885f2a4
2,462668d3-007e-4f1a-bec5-eee474f0c9a1
2,462ceb59-1f97-43e5-834e-be7adc075c28
2,47f4b931-03d3-4cae-8353-3c9d30f0c7c1
2,4905efb1-5329-442f-bec2-e0f864e4bfd8
2,49067355-48e4-4d62-89ea-1ecc77faf6f4
2,4b30e129-cee8-4b3c-9f82-8e94411f6a00
2,4bf9d566-08cb-49c4-9bc0-cd91961a9245
2,4c5b8602-9e38-412a-8754-d35b852eae64
2,4d0ad62b-7b5c-45bb-9891-b07269e1e00d
2,4eaeeff9-e177-4738-9ad4-712745bc3038
2,4f3b05a3-da7d-4221-8001-cb6cce5b17f9
2,4f932dcc-4a21-42b3-881f-c466230f6824
2,50bd0bf1-1ae5-410b-ac60-c69b0a95df14
2,50cfd6ed-e2c8-4a9c-8bb8-4a56503a5df4
2,533062da-edea-432d-a0f2-b69a78946b53
2,53da63b9-6109-4dca-87e5-99870400dbb5
2,53df9000-97c2-41c7-8487-d47ee2b71414
2,566a2f1a-94e7-4775-b32c-ccc2b622fc5d
2,56a134d2-98ee-4c51-b5c4-2554f783a368
2,57d33c48-ddc0-4229-aa8e-ca7e2130ed83
2,590f0f9a-7a2f-4010-a73f-71858f5f7538
2,598a77c8-9bec-4f40-9785-a9bb52b53046
2,59a21e41-578d-46bb-830c-7547324d6932
2,5cdc6ec0-5fd0-4994-b614-a4dcea37420a
2,5cfa74e1-2a7c-4006-b934-31d00308c3da
2,5e6ccf5d-cad9-4489-a349-e391684325ad
2,5f5d7f23-7c7d-4830-9f7f-b3cf2cf6d19a
2,612067a9-391d-454e-ab41-a50ec3b58af8
2,622577a4-45f1-44d5-9b77-abf77c8505c6
2,62ab726e-30b9-43c3-b0c9-bae82bf9987f
2,63e5481a-f22f-4dd0-b02a-725459152315
2,65022936-af50-4a0b-b2a9-88e5b62f3144
2,652aad24-a880-4514-aeb7-8e04881f5803
2,65b27498-e642-4d7f-ad88-822c94da3634
2,6926a0cd-457e-47f8-b491-e792be789e32
2,6b17f191-170d-4a1c-93fa-948b8b2ff3a4
2,6c291149-d589-4e20-bca0-d37f757c95f0
2,6d2fdfb4-d162-42fa-affc-a5fcbe18c486
2,6f4b6a7c-d19b-460e-9e8c-75fd08bb0c69
2,7063faf0-e5d1-4d25-8254-0947315c140c
2,7172b031-5316-484a-845d-4d326c374e1d
2,75ac7dc4-c466-4e7d-8077-56fc63c696d2
2,768870ff-9a7d-41c6-9f1b-3cf1d7bef2c4
2,79c9cc40-a381-4c28-93fc-800c2723ed64
2,7a7ae5a6-ce7b-4325-bdc8-2e0473bd44fd
2,7a8d4aa2-1c79-4ac4-81b1-f33f5a53ab32
2,7a91dd9f-fd37-4a80-90bc-aef4fd72d37b
2,7ba78c71-f9c7-4bce-b246-761b508ce754
2,7c67e1f8-3d74-4574-a178-3dd952942b35
2,7edd5cec-7e61-4db9-a530-1469cac0e068
2,8186e782-8771-4d80-946d-67f1974d6531
2,83280be9-7cc5-4498-9c45-b59f4951223c
2,86141aac-371e-4996-b35f-b8663fa56c49
2,86391c54-2b08-452e-a33c-cf6a904a7df5
2,863ef07d-53af-481d-8093-2182b05d9ed4
2,8805ff15-f5af-4246-bba3-be6b849c212a
2,89d110a0-ff21-48b9-b43b-072dc692d393
2,8d07c5af-0922-4f3a-8187-97f0d70d6b48
2,8db078ed-7825-4550-bce8-0312ff473fc4
2,8dc08d3a-5273-45d1-b7f7-af5a0472a53a
2,8e209a85-f7e1-4274-a9a4-8c937c137e99
2,8f29026d-4a7c-4f5a-8d01-74d5f853961e
2,904bf58c-8e48-4414-8c7a-26d913bf3912
2,90808674-ed3a-4454-a096-f7444aeca9f6
2,908166f5-a1b8-4acc-85d2-0bb9320938a9
2,926603e4-e72c-4078-a978-66a71db07120
2,92ab96f2-1d16-4875-b275-23ae772cdbb1
2,9437b0ea-0d3b-4f0d-9daa-99fcc2a46acf
2,94a69693-721d-43ba-a0d2-187eebe9ba70
2,94fcee3b-f7d1-4728-a14a-7f8c1ed1fdd5
2,9745b37f-0de8-4219-90c7-1e120d6ada47
2,9792763a-4755-4355-aab0-b5f8bd848893
2,9798de74-11c2-4908-9e41-dd7f93c20cfc
2,9898f399-4fd8-4204-a7d8-4baf3314e7b7
2,99da2548-e3ee-468d-bfd2-8c0140c95c0b
2,9bd03c0a-67d0-481e-a822-14c6b6d81234
2,9c201ead-5521-4315-aac3-9f0fd677e171
2,9c372d52-9b2c-432e-a2bf-79efeb67124c
2,9d6d5b93-1d5c-4228-8c33-42171fafdfe0
2,a02055d1-b2cd-4b3a-80cb-1192bbf5aee8
2,a03d60ed-cb6e-4d05-a286-beae470bc5b1
2,a06a2240-f624-4f1b-a650-fd39528e1eb1
2,a0a19627-176e-47b7-ac9a-163afb760f84
2,a0d3b24a-b29c-46e7-a3c5-0097e67ab378
2,a25edc53-4ba7-46dc-a557-e0c3692130e4
2,a6f79024-67e8-476a-8335-67af53a45a2b
2,a84a118f-b6a3-4786-b65c-eef8b0ef472e
2,a94120ca-47dd-4167-8e9e-011749dd9235
2,ab2c8f25-6979-45be-b5e3-9f867a1384f9
2,acce0e11-bd8d-45a2-9171-3cba8cb2c2ef
2,ad18db8f-86b2-42d2-a54a-257fd7b192e3
2,ae0a7988-b31b-4ca9-af62-a2b9ee83c3ae
2,b01a95d1-2a64-4a5a-a8ac-df85061d8515
2,b053f2a5-0adf-4902-96fb-a89c90cdc86a
2,b1834d2b-9d7c-4bdd-90f1-d9a5020a24b0
2,b2350284-62cc-4f0f-a176-f94da594db43
2,b252a2de-f472-4611-835f-f81d445c62c4
2,b2f2fee3-47c7-42f5-a415-c06715560158
2,b32868bf-c6c5-4a46-8ca3-f470840e3a28
2,b3363d26-0959-4531-bb16-3f8f1859f83d
2,b4a4dbfb-b6f7-4d8d-b9de-3204d4dd62a4
2,b4fda489-dbea-4c6b-ba7f-cca2cf82cb65
2,b5434883-5bf6-474e-bd0a-03527632be69
2,b92219fa-5ca2-4081-9df3-5a19b7a2a189
2,ba21fe5b-cdf4-4d95-881b-2c5fce71d4b4
2,bac59e9a-106b-455f-82ea-495bfaf42783
2,bbb2d949-0922-4ae7-ba86-d6ba1172f36d
2,bc3214ee-bb69-4b2c-8602-afec948346e3
2,bc631d48-a801-4242-b4f1-dfe2dc6244bf
2,bc7ba957-a48a-4678-a998-4e0e2c29120e
2,bd7c12c9-eb23-4cbb-af76-ecd6392607a3
2,bdc96ea1-82eb-4b84-a1af-a18503238dc8
2,be9e544d-9fa5-436b-aef7-ebd4fac372ef
2,c040a3e2-4206-4168-83be-7f70c2ed5d1c
2,c0cb85f9-4b16-4ef6-8e99-e3ed942ae715
2,c14ca99a-b2f2-454f-addf-eea024543b45
2,c1cfe438-1a8e-415a-9d2f-b0d9adddde02
2,c212711a-72ae-44c7-ba4d-377a28e44803
2,c24b5b79-9b4d-425d-a743-437840313267
2,c297b710-aef0-48c6-86cb-8a6e6d7e8487
2,c2f5367e-4f2e-4f48-b7f3-f1c3bbb2037b
2,c32e8c6b-8bb2-434a-bdad-e99c7a288fbc
2,c3df35af-7dcb-478b-a2d0-ecca7e23f767
2,c4a47dce-fc40-441f-a35c-c5ebc1564fa9
2,c67fcf1e-e357-4c30-9c4b-befc7122643d
2,c78a7980-908e-4d76-9245-2614457eef99
2,caaf3829-6b91-47f0-a8de-1856dea7c99c
2,cad5c513-7516-45be-9d17-2fc94e0deb96
2,cb158443-16f7-48f0-9dde-2ffc75fa9781
2,cce9a51f-2fcc-4a88-96b2-4b0d5ef09f36
2,ce988e6e-9a17-4e4d-9fab-809d0c96bd40
2,d0a996c4-2afe-42b7-8f7d-0d2361635ce2
2,d1be7163-8e11-436b-a555-dd0e3121c721
2,d1d77b42-7f5d-4946-b83f-189b68019ebe
2,d2f3dc71-0f5e-464c-ab45-663b24c2f933
2,d3b0b934-5a00-4701-bd12-0f5751655885
2,d3be7cfe-20a2-4584-94d4-1eb08608d71d
2,d40602e0-d1a4-437b-90df-b92f9816fde5
2,d45d9b8a-7bb1-49a3-8938-8d54bd3ea622
2,d460d387-ed59-4a44-b07b-5922a95ae3fb
2,d47d962e-8cf8-43be-bd7a-be510370ce42
2,d4dda0a4-e552-4229-a124-a06efdd35429
2,d53e5706-cfda-4dcc-9b3f-2c502695ddfd
2,d59f9dd7-6424-4beb-822b-cb62b5e6bbf8
2,d5b58c7b-7a64-4ad2-a8b9-8368e111def3
2,d62c2bf1-b0ae-4f82-b0d2-f64706abf8fe
2,d6f1d2f3-3728-4df6-93ea-8fec669dde95
2,d70338be-fbe7-4ef4-9d7a-0cfce9d481b2
2,d745bc56-9aa3-47c4-af5d-04e6c4eb422d
2,d8767ea4-88e3-4c5e-ae12-0983085d899b
2,dbb21c8d-f2da-4c6c-885d-f9bf58f569f6
2,dd62de04-def5-4629-82a2-78f400a85c9b
2,dd784bf2-84de-4d05-87ac-2e7c3818f30e
2,dd85f59a-713d-4272-a7e3-ea592b3eb214
2,de1fc37d-70d2-4cc4-9714-b76b5a4e3891
2,de2529b9-f362-47a8-b6e7-2e6902ccc2fb
2,defe5cc1-361a-4ab0-b388-b1843c2e7672
2,e0504db1-034a-4bae-ae89-5bbb2f992a59
2,e177291e-650e-4688-bacf-77d4bbb904e7
2,e1af8e26-76bf-45f1-a676-9545a9543373
2,e204caa4-4d50-4018-9466-ca86273f996f
2,e22c0bd4-d557-43cc-95e1-a24355d902ac
2,e33e8b88-cee9-48d1-b3d1-47614a8f14cc
2,e3539fcb-22b8-4650-b15a-a07250715883
2,e43c1d23-586a-4f91-840b-f3734762fe88
2,e850442a-d971-4120-8ff1-5afe0b425118
2,e8537cae-56ab-41a5-b3c0-2b21a90762ea
2,e939acff-7f45-495e-9633-b07f66954bf4
2,e9582ac4-3439-499f-af25-829383270834
2,ec7a25d9-664f-45e2-8ae6-dc3d23c5ed36
2,ed639614-6955-4d24-b175-8adb7a748f3c
2,eda44fa7-91e5-4d8d-b801-fa40cd3b8bdd
2,efbcf03e-db30-4b45-960d-3a6f22f54588
2,f0819a4f-e10e-4370-abac-c963b3ac3983
2,f0d0a65c-49e7-4773-8a14-4c72baa1b40b
2,f0ee6e82-2b96-4dd8-967f-2b78f7c2bb15
2,f230b587-90e9-4e2c-a8ec-889a2e508b7c
2,f3195526-0d63-4c62-a8e0-83d8547e4105
2,f486509e-bdf6-4935-bcb3-7c48e00873d5
2,f4940f20-36b1-4c91-b3b4-4da609227a44
2,f54c17a6-3dd1-42ae-858e-c79b79a070d2
2,f8209637-7aa6-4ef9-b52f-cde2b6db9d92
2,f8e2e988-6026-42bf-bb16-592bcf9c35c6
2,fa229f42-962a-4e6e-98d4-0aacf057fc22
2,fa4c70be-0849-4c45-b7bb-30acb950b25e
2,fad87f6f-dc93-4908-b50c-cad6044b60ea
2,fafc79cc-8cc8-44ed-ae2f-29117c5f4a7a
2,fb45b371-9ec0-4bd2-93ef-6a8897209ed7
2,fbee1a9d-40bd-4d00-80ba-33701b9a25e2
2,fd1cd272-95a6-47a4-84c6-23c5a9ef4f79
2,fdb40239-bc3f-4bd9-a882-2a88938d50cd
2,fdefef52-0731-434f-b793-c1ea1b133236
2,ff9c3888-534f-403b-b9f8-c0375ba3e465
1,00361da4-2e73-4190-bcfe-f3d3b012ed01
1,0093380c-2d9e-45ad-94c6-44bc6fe10a2f
1,00bf6991-2b44-4155-a045-cf1fc39bf1ea
1,016666d7-cc07-47bc-8544-1d9184529eb9
1,01af8b21-b5ea-444f-a32d-bbfadf689682
1,021badb8-3db8-4fd8-94be-5a13a9e85f21
1,02253893-e534-4e62-930a-dda595f86963
1,0269c879-8bb2-4561-9005-21566396ef8b
1,0281a78c-8609-409b-ac7a-13123f3c6f0c
1,02d66348-a14a-464b-8369-8fd9a51b788f
1,02d936b6-1734-4f6d-8073-8610067f768c
1,0305290c-57ad-4be3-a747-d287ac3ea493
1,03675334-e762-43e0-9c1d-d8143fc22016
1,03678c9a-bbb0-449b-8fd4-52c7fee92e06
1,0404408a-f0c1-4916-aff9-62270a3d54a9
1,049d5aaa-ba56-4af8-b893-1e3dfe3395d8
1,04bacb43-d432-457c-bd9b-1c8098883b1c
1,04bddc43-84da-46e6-be6f-1afee69475cd
1,05361655-ec35-48e8-ba29-8aee0ff782c0
1,0569474f-0da8-4374-a29b-6d0fd6315f91
1,060f39e4-802d-42b6-95bc-15ecb4d71570
1,0620b937-fe8e-425f-b156-e15369dbb429
1,065b806c-adb2-4d43-b8f7-5c73489c25bd
1,078f7dee-bee2-4599-9ec5-f4bfe360a14c
1,0847a46e-462f-465f-8702-98ebef163347
1,08bcec99-7223-4a97-b2f0-f71c09586d96
1,08eb1361-8a2f-4b03-8930-730674d831c1
1,0a6c5c6c-99c4-4a19-88ef-f6d568b64966
1,0b699acc-8c09-4968-ba68-dc25d0ee6977
1,0bca9d9d-350a-4504-b057-d0e3a7337309
1,0c8269c9-8b36-4758-9806-8b60c07d149a
1,0c9bdd5d-5b09-42e8-8ed4-ae87b566a216
1,0d6b5ee5-be3a-47ee-be0a-d2aec7b97eae
1,0dcb671a-4f62-4702-a478-4dc017969f7d
1,0ef0d81f-0888-45e3-925b-53bea07c070b
1,0eff5bfa-0ca1-4524-b637-69624a162930
1,0f6063e9-3569-44d1-bce5-754163e85dff
1,114a1e07-dfd2-44bc-8164-99091c6401a3
1,1157eda8-1da1-4a16-b17c-66198b92cb0b
1,123b0ecb-3bba-4b76-807c-a637e07f2c43
1,123d18b1-da15-41f0-ba26-15c78b169ecb
1,12d759c2-af4a-4b6b-9fa3-3895619bc3b4
1,131ebf3f-c49a-4b99-bf3e-5dca4e990238
1,13459ca2-c7fc-4522-ab76-03c38c3a8b24
1,14043ba7-a0b7-4280-a355-f0973d573427
1,151083e8-53d3-44fb-940d-793620721262
1,152ee373-bb33-4848-a8b8-2a7533b96af3
1,1558bf8e-1322-4c1a-9c61-a52c910ae172
1,15660a97-c826-4d90-9e52-c640d6a38633
1,15bed274-3bf5-422e-aa86-a2ee89f44030
1,15c2352d-19ec-43db-a512-e22d75d52391
1,174e4001-6356-4f24-94a6-1d5258dbdb7a
1,1757c9da-07f1-43a6-92fa-b01b1869c4ae
1,177b4293-dc84-49e5-8c4a-962f573599f0
1,1784d29b-d218-4c6e-b8de-f5e6972b0195
1,1794b4dc-6d6d-4c94-b0b7-8a25da05c7df
1,17d6f98d-8ea5-4a32-a422-17a778d8f137
1,17e9d548-b2dc-4df5-bc6f-44049b9e0f7f
1,18287603-3968-403a-bcda-a268178a033c
1,1857bedf-e117-4f14-a844-93bf13a30026
1,18fd2589-d927-4a9b-b634-831d28d61b49
1,1a746bd4-4f21-4a7a-becf-b1479ec003b4
1,1a8c175d-4b02-4914-90b8-2da9ff87f2b8
1,1a98dda7-fb82-4ec6-9ad5-5ba65395b4da
1,1aaf9c0d-90d1-4976-a3e5-0f10153ced81
1,1b12f90a-034a-4e63-bf2f-034c610094a4
1,1b23a548-0a98-4aa3-9175-70ad42e151ea
1,1b3ca1fb-ef3b-4ccd-be8f-621965cfb602
1,1bb5eeec-8441-44eb-a094-11778d5c2367
1,1bd8fcda-1469-484a-92bd-62beaa34fc3a
1,1e7d5009-95fe-4b0c-b48a-19012bc086b7
1,1f0b7106-da81-4bcd-9dec-cc212d4ff574
1,1f4fe58f-ff44-4dad-94c4-0068eb740275
1,1f604972-1428-407f-a8ef-021703512d4c
1,1f8106e9-425b-49eb-aa47-8426d60dd088
1,208c2ff5-391d-4d9b-98dc-0f71b5d4334c
1,2098d6b3-54c3-434e-8767-176e5c190b7d
1,20b2dc31-ed6b-47ad-b81d-3a8dd489f796
1,20c45631-6dbc-41ad-a64d-a5bef126dbd1
1,20f69d3a-0c91-44e5-b322-4e0a1b0711c0
1,2107341c-247c-433e-af42-ceabbf9b3b6c
1,216520c3-1efd-4675-9368-405e917c8005
1,221e05ae-4628-41ee-90f7-57c5483f06c1
1,2254b873-1435-45de-b01c-8c4f66cadb60
1,22fb0888-c7b1-4cc9-980c-a3b0f7b1309f
1,24870945-675c-4f6f-99ae-5fb540ee047a
1,249b7f39-8925-4866-a110-03863fadcb87
1,24b55078-b33f-4260-a593-811badcb5971
1,254dfdb1-302c-4cc7-9702-7c48dc29864b
1,2563d19b-0b10-405c-af4d-86b025fe407e
1,258d383a-7639-437f-b2fa-191e2c43a511
1,26be548e-33ed-46de-957c-edb99e7f19a9
1,271c2404-f611-4fad-95c3-bb49a8f94788
1,276070e5-f713-44fe-a771-7198c8cd203a
1,276cebfe-39db-4282-aba4-9bd14abee915
1,27d0e72c-0bac-4aa4-8d66-b87467894d82
1,285855f9-b2ba-4cc2-a1f6-a3822ac49f90
1,28a4e73c-6050-4b3b-814b-4b5ed98ff28c
1,29591ac3-c285-4ad6-bb5a-b9b65fc74ac0
1,295cb55a-39f5-4227-970c-69d5c30bed0f
1,29e8297c-4b6e-4a6c-89b4-4e5e2b01768f
1,2a498724-0232-487d-a439-5788cbd41a95
1,2a7f371b-e3cf-4721-bf64-ee784abe4144
1,2aa6b569-0e4c-40a0-83c0-8640436929ed
1,2af2b1b2-7fcf-4e68-84f6-ce6834f91baa
1,2ba8ee54-b38d-428c-a127-5f48b2c4ce82
1,2c434d80-d27c-4fcf-8fd7-c74bdc17274e
1,2c5383d4-62a8-4a2b-80c1-c715093320f4
1,2c986755-627b-4321-972d-6d471a1fcf9f
1,2cc09adb-ddce-4547-a018-11cd644a6083
1,2cc84ef4-b65f-4ca4-b3f1-aded6be0343c
1,2cf1f91b-8650-439b-9023-dc2d06add401
1,2d17a50f-9bc8-46e9-b095-4032f8f97e12
1,2d1db244-770c-4679-a8c4-871d73837402
1,2d8d0caa-702e-468d-af4b-17ccf60d1116
1,2db5d510-7777-457e-b8b9-34fecebfdd9e
1,2dce3737-bfb4-4393-9fff-8be7c25b45ae
1,2e4ad706-4488-4159-8d66-ea4da6bc125d
1,2e4c7832-747d-4e44-8894-2d41fc8a7f4d
1,2ed26b29-8c1e-4fa4-a22a-d988cfbacdee
1,2eddeb7c-07fa-4a36-a07f-e117751bcc9e
1,2ee58db6-6c72-4aaf-b57c-8808b214709c
1,3008a28c-5606-4d4f-893b-ee7234ecda54
1,302fbf98-b463-40e0-aefa-e3f8e2390a0d
1,3067ac40-4100-486c-a240-8b5ae5cbf72d
1,306cfac7-464d-4576-bb09-b724de843a76
1,30efccdc-59a8-4410-9f00-5d477effea62
1,310b722c-67b3-413b-8653-e93cafaee1c4
1,31ad606c-20ae-4d7d-8841-0412f0e43a07
1,32585eb2-7965-4d81-bf2c-8a5b8efa7114
1,32e4001c-d75f-4d20-93d7-b122672b911a
1,32f03cb0-c007-42f0-b3a3-5492c0e92811
1,3405f9ee-6591-4861-aa4b-5e9b9b0ab764
1,341d787b-dde7-4332-9bfa-3fbe9312522b
1,344a641f-b488-4046-9bee-136364ffc680
1,363040b8-6571-4ac8-8d16-c2edbc07d7d0
1,36c36ef0-9ce7-48d7-8798-6d0157004815
1,37092e3e-dd89-4603-b1f4-0168b31578af
1,37788cd1-9f0b-44a3-934f-f712c3a3a2a5
1,37fb8df2-3e51-4f40-93ec-2869d66766ce
1,381816b6-785c-4869-9244-0e659f2c62ab
1,3824d94c-e474-4a6a-9e90-a45b7ffc1464
1,3a3eb38c-7db7-4c3f-8b8d-0265c8599bf2
1,3b008c65-0bcc-45d8-904b-ba83e63d2460
1,3b83b240-b154-49d4-982d-0b5320143b3c
1,3ba32a2a-6f72-442c-8953-3a4f98c70470
1,3bc2bacd-73b0-4509-8a7e-7b278f4c3689
1,3c5686a4-481c-42b9-9a01-5a0f9e33383b
1,3c7f5574-d3ec-497b-a9e9-09a63d3ffff6
1,3cccce8c-8616-4b81-81f7-18e2e920e0c0
1,3cf95bcf-ce4c-43fc-997c-6dcc33df6606
1,3d86b4a6-7917-4303-b2dc-b7443c2e939c
1,3d99702a-2eb5-4d1c-bd47-1776fdf3277e
1,3dc8f383-c148-4c9b-85a2-39195b2fd0e3
1,3defc35e-7a45-42b0-8b54-77985d0b8695
1,3dfd05e6-3c7a-4ec1-b9d4-0bdd0548074b
1,3e255651-bcf1-4697-9a7c-f4f081cf1d34
1,3e2f0530-1912-4a32-92e2-6974559263e5
1,3e98778a-7dc6-41b7-be2b-982d87aa4c83
1,3ea1a853-be75-4150-8aa4-9015a1b6d912
1,3f145b6f-7536-48ed-85a1-9f2733c0ccf3
1,3f1bb8cd-8d38-4b10-95f3-0d78a3c0ca03
1,3fe35e7b-038a-48d1-be66-556246d4ef6b
1,400828d4-b07e-42ec-8962-11662f2b00e4
1,4043a33d-1d62-4e82-9271-c3cf72f88343
1,4085fc4f-6ec8-47ba-b9a7-645ef9a19f05
1,41779dbf-4850-4b24-b934-b188f7e2d83a
1,41f7a965-16a6-4afa-99cd-c25511f5901e
1,427f0188-795b-4a53-a97d-1409b1bfd0f9
1,42e6149e-6a53-4a45-9953-10478d4bdd83
1,4319812e-daa7-4a37-a65e-f855500def3e
1,43260e31-7ce4-4b0d-8c66-fdce755d1ab5
1,43bf06c8-5f71-4a14-81c6-629d56a634ca
1,4451ea7c-ae33-4939-88d4-d3e5d6af71f3
1,446a9f94-4fdd-42a1-9798-b47615afab0c
1,449bc77a-085e-4354-80c2-93bca086fc28
1,45083caa-dbf4-41a1-ac75-2ecc4fd6cd15
1,4543d295-4c9a-4d78-ab05-22bd6f18dc10
1,45cb2fa8-d473-49f7-805e-c31c20d24e55
1,45d76d8e-c49c-4973-ba67-5ba14c965c68
1,460dd671-2d51-4806-8d0d-f48526b2d849
1,461894e5-2789-4c07-a5ec-a2ce5e04aecc
1,463927e9-59d0-435f-b4bf-7b999af3114a
1,465ba773-8329-4dd7-a8e8-531145800fb7
1,4667d4b7-b185-4bf2-a27d-e92ca89c0505
1,46687e57-e3ba-4929-b6ca-7fe14f88cccc
1,46f627f3-697f-420e-b695-36f93d5c5b02
1,4759422a-c4d9-447a-830d-ae94cfd460f7
1,479f0be8-40a0-4c74-b798-3ea19d59bea7
1,47ac5974-0825-4ef4-b3b1-2ba16566dcf9
1,47b19844-4045-4829-bb6d-9a1d1dc18f44
1,47e86b07-13ca-47be-834b-5649d554f837
1,482331d5-9f03-4412-81ee-b6ed43a33542
1,4874083b-f4b6-40bd-a921-70c2af295644
1,48cba8ea-6c03-47e7-a4f8-ab7a98fa24d9
1,4935a628-cc56-408a-b4cc-bec4e3d6676d
1,499da3a3-338b-472f-97bb-a9197cdc038b
1,49b577d8-0843-4f67-b69a-6b7e2d068eb9
1,49b918d0-06b4-47da-8e5d-f26342db095b
1,4a23c7bd-93c3-403f-8301-d3585192ac41
1,4a5ad230-3984-4d37-b3dc-b01e7cf5143a
1,4afcf553-4f15-401c-a9f2-07e73fe11237
1,4b1cdb12-7b2d-4ca8-bb00-c14347aa6b5e
1,4cb30bea-961a-45af-ba10-58436fa836b4
1,4cc941e6-f482-4e84-b7f2-94efa473fbca
1,4e0eddc7-77fd-42ba-9a29-b625bafed471
1,4e146869-5eb8-4478-9467-bde56cabf52f
1,4e6b11c1-0dcd-4d41-a1ad-9c7a552993c8
1,4e70ff9c-8a7d-4019-88c3-301caa72022e
1,4ea0d129-5e31-491e-bcd7-ef9621994c81
1,4eb101e0-a91a-49f8-813f-f3df7eba2ed0
1,4ec39b6b-5ad9-4067-8675-2b2b590dfe66
1,4ecbbba2-ed3b-4450-9352-04b5f0976311
1,4efca807-d63e-406f-b9ef-77bb04d65f4e
1,4f3ef632-ff77-4373-bacf-f8e3c2131dfb
1,50236c9e-c0e7-4510-b017-720c2062bcf5
1,50743db1-bc91-4ddc-81e3-6249ed5c5829
1,50a8e86c-294d-49d2-a0ce-1e001fd36d70
1,51eeb410-af9f-4239-9485-1a18fdd01e89
1,52aef972-35e1-4175-8f49-e5bcd14e5c79
1,53a4c548-7cd4-4eae-bff6-fe7f87f2be33
1,53dcba39-c380-4b9e-a21f-a7f5ffcdfbac
1,541bff33-1d3e-4a2f-8b2e-2e1fb3353aa9
1,548dc4f1-b84a-4c81-93f2-3701668751e4
1,54fdfe5a-7cee-4992-a6c6-e1d5d6fbd980
1,55558b80-0c4d-4a65-b2b6-4a59aa0af944
1,55cbf830-abaf-43c0-ac77-4fe4166403b6
1,570cf37d-553c-450b-a650-aa9329af9597
1,573d7274-cfbd-4179-a9ab-20616a469aaf
1,57aeab7a-6cdb-4b7a-92b4-e0add3a86125
1,57ceb1cf-41f7-4b1c-92da-2bcd7ca941d7
1,582f5239-2752-42a6-b986-d19ad48bb4e9
1,58430633-c4d0-4960-bc87-9a740c6e617f
1,585c7baf-829d-4b2a-8af7-fb7312b759ea
1,58d033bb-c3ff-45a0-b0c3-e0a8ee817a6e
1,590660b7-28d9-4095-b3d2-7e31d69d175d
1,5923ad97-3da8-467a-a5c1-cd13c36b5341
1,598d919c-6030-4e37-bc06-172e63bbbc79
1,5a213a4b-ff84-4729-9cb7-38f68ccdcf78
1,5ad9a307-e9f5-480a-9a4a-35aabaa60341
1,5af1f29d-7d57-4fea-b2cb-0095ab154a87
1,5b84a7a7-8afc-482b-bdde-80891ec072dd
1,5c1dab4c-5937-4f67-a3e2-d449f7d11f4e
1,5c8e067c-24fc-4b59-bf85-874c3e884138
1,5d054132-bf8e-409d-a8c6-df8cd4645932
1,5e16178a-0809-4891-adcd-f49aa23525ca
1,5e1837fc-8c74-4d54-9f66-a071899e67f2
1,5e25f380-61fd-4a0f-80d5-ec6570108762
1,5e3e30ac-ecf9-4818-999d-909bce60bb6b
1,5e52f7b8-0fd5-4950-8391-eb0f6e4ad033
1,5f7819cf-9860-4a55-8f7e-ee190b55be7c
1,5f88ebd1-350b-4a1e-b80f-1dd4683c23a9
1,5fc5919e-ed8b-44ce-9e7c-98332fd964f0
1,5febb75d-708c-4f7f-84bd-832d4d76484e
1,601c0b97-b722-44ba-8576-efb3c5c15286
1,608160a8-57f2-4a1c-83e6-2ea8d4b82580
1,608339d8-4e00-4b9b-8a30-dfc3060cdbf3
1,6093f07f-b14c-499e-9947-97242bf8d9c0
1,60fa7f87-a679-407c-9df9-6a72665c606f
1,6157efde-1c1d-4796-810e-91c9825fa8d5
1,62188281-362e-4ff8-b231-4ca3e765f468
1,637e7d22-ede0-4a26-8c44-f1bb3cf4c4ed
1,63a6a2b8-08e2-4b20-a6c0-c780c92532c4
1,6454b545-9cf4-4474-a235-69449809818c
1,64ae6109-8684-43e5-9ea8-07a3164c33a7
1,64b25efa-1d95-48ad-a390-f27c57b6fbc6
1,64e119f2-94ca-4ca7-b7b7-2a5935494e51
1,651ddcf1-1729-49b7-98df-5328a921268d
1,65797492-2b41-487d-9acf-c0f95f353daa
1,6598adc9-b06c-4716-baf3-0ed579696f68
1,6621e295-9f02-4bfb-bed3-d2624ced238f
1,66f18c2e-42fa-4673-a7b8-de055da7c944
1,67919d11-844c-41c4-9439-a1b76ffdcf26
1,67a80371-909b-4b26-a0f6-9c7b025546b3
1,67b8038b-ca10-4305-ab20-591d39f1bcb1
1,67fc9c41-89cc-49dc-b224-a4f061203562
1,6843e4fc-0e7c-409b-9684-b170b6cec82b
1,68dd77d3-91d5-469f-b843-b23de1d05c99
1,68efdb50-679a-48a4-9867-a42b3c3f9b2b
1,697f54b3-88ac-40b4-9054-6799607a1f48
1,6a80dad5-508f-491c-a3b2-4d175c6122e3
1,6a96fe17-12b8-4a4d-b45d-4319f579891c
1,6ae04a15-b32c-43d3-a615-e87c971c2148
1,6b8b32c3-3320-44d7-9833-82c9a5c2f15b
1,6c9dfb83-6182-44b6-b4c4-a63db1fcdccf
1,6d046753-e4be-418b-b161-cd111a811a8b
1,6d62cf27-bf37-487a-8f5b-55b370cf4a47
1,6d81a6b9-71b8-4737-9433-f8bb5fe2229f
1,6de1b201-4917-435d-ac2e-8013bfe28f75
1,6de556c8-a3d0-4acf-b7fb-fe6bfdbc1d11
1,6e7a45a0-2811-48e8-89a8-28c17dd65759
1,6e92ca26-9b38-4e2a-99da-f75bde558357
1,6eab19bb-f583-48f5-988d-e7d6b09b6c23
1,6f5daf82-b78c-4bc2-9fb8-81cc407047d7
1,6f61623c-36a3-4865-a5e7-f8b51d787278
1,6fcb2c34-663b-4fed-afaf-dce5b355b341
1,6fe81cdc-1ffa-4b96-9893-8a0f1a24f149
1,705a0392-99b5-4321-982d-a47de65c1c3b
1,70ecdbc9-d0e9-4a33-9285-1afdaac6901a
1,722f1aef-4342-4549-a597-1d6c9f4a81b2
1,72604d5c-33fa-4934-8177-78fe0645dbe9
1,72c7a52f-c828-4e95-95d1-72fee4f31814
1,735d620a-7944-4a60-9f7e-27d59eaac589
1,73d892c7-6066-4c1f-958e-845f05d82774
1,73e9c565-bf53-41db-bd92-26875ce20785
1,73f46c11-01d6-4fd4-bb19-d367c7bfd6aa
1,7443b7a6-3315-48a9-ab03-4df7a4670650
1,744aecc3-1954-4eb1-94c1-751bf679d873
1,746da37f-7692-44ba-bbc2-58d4f30d2d93
1,74c629cc-57d3-46fb-8f37-e1f680c526b6
1,74ca40b2-787a-45fc-b75e-7459c8fd8bdd
1,7534469d-14f5-48e4-84fb-2e8bb98d7a24
1,75a2e803-a23f-48ab-9277-d21b992ecffd
1,75b0be52-acd9-4444-a2ae-aaccb6472189
1,75fe49ef-f4b0-4980-8ad2-ef036253f957
1,75ffffb8-8a6b-45e4-b082-4558c05c2cb6
1,761e703d-1ecf-48cd-9371-f0adcca5e5f1
1,767bb838-c9bc-4b76-9c4b-73febb4a0e5f
1,76ee2523-d4ca-43e2-b24f-f7a369325776
1,76ee736e-1258-4524-ac3e-33a8b5fb1760
1,76f53826-2cc9-43b6-9fb2-8f1c01c57cea
1,77929db3-35b3-46ea-af24-8c216694811f
1,78269b5b-0a0a-4d8d-809e-b9e75495bf36
1,7883e936-93a4-451b-bd1d-084c0ed04fcc
1,78fe0b7a-e07c-478e-996e-0f82236cb7d7
1,7920f470-624c-44e8-8a2e-0bf7cb00394f
1,79f62862-b6a2-422a-ba98-5ad165071c6c
1,7a85eba3-bf06-4079-8d42-94564cd47dc9
1,7ad19791-1f09-47bb-bebd-8b13ee3d719e
1,7b7874e2-46c4-4ab5-ace4-c5fae2464b63
1,7c302039-f3a6-465f-85c9-fad331d91ac5
1,7c34f207-84ed-473f-85f5-e91777823e33
1,7cf4ad8d-985b-4cbd-9aff-003f0c947296
1,7d0db53e-2b9f-4a57-b8eb-c614d1f3a937
1,7d7ec522-1763-4ea5-86a1-1e4d500d2f6f
1,7da74754-5622-4e8f-a18a-4e54470e7cf3
1,7e78b70d-c12c-43ac-865e-df0edc72b102
1,7e9850d1-44e9-4c98-ad16-982b8bcccb00
1,7f0aa7ee-50f5-4d56-922c-20aa85204910
1,7f37d854-492d-4a32-93b0-aa4c933893ce
1,80544a97-8bf6-4c43-a6b0-81c4aed8dc3b
1,806a8f63-c4bd-46a1-855f-da364890448d
1,80caeafc-d2b0-48e6-8548-f722fdf1f396
1,80eee934-d626-4128-8680-41fef322da4a
1,8133fa3a-dd4d-4731-9bcb-a7ba1799d615
1,81faf92f-4635-44c9-ad85-87fadc088701
1,81fb1dea-0847-43ff-ad89-4020bf92e6fd
1,8200c447-b8f5-4016-b296-670d018c8f2a
1,8374c09c-229c-42f9-86ec-b308f69d313e
1,837c8387-0cb8-44d5-90e4-1dceaf32348a
1,839c077d-d91b-4de6-8614-f0b4c09f0e66
1,83dd6128-4e44-4852-b7ee-912edd68cafd
1,83e3a78d-b484-4cb7-97f8-69f48ea7744d
1,84034240-82e4-4991-90c5-65448c735950
1,84e9177d-bbb8-46d7-bcc3-6a07b7f5b89b
1,84f0a4d3-46ef-45b4-8584-393a032c8f6b
1,8501fdb2-004e-4574-94b6-07fd638a1a5f
1,85223e36-c1a9-4cb4-a987-83abb4dd388e
1,856dbc5e-0e6d-4f51-8b2c-4dbac9db3e41
1,86234cc6-fe70-4601-824b-cc5d133f5b2f
1,8668884d-7898-4428-8e4d-aa0148f3dec0
1,8672c243-c3c3-45e0-a6f8-2aaefc693e24
1,8693081f-ec5d-4d30-a0a7-15f9897a717f
1,869653ba-d60e-4a79-9518-4764aac63990
1,869afb06-279e-46f8-b156-b5931b2aae17
1,86c52ac7-3ca0-475c-94b1-6b066b6a2180
1,87f3a3c0-3de5-4e5f-8631-a6b0a65af3f1
1,884aaa5a-2dc7-480f-8995-945f4305273c
1,88631528-7dcf-447b-8338-81257eef1342
1,88bfc51e-0e0b-42ac-b965-ae52132998e6
1,8902c96e-8517-4f20-9ed1-5eec9763e01e
1,89572633-5371-4c27-bd15-27c586dc679f
1,89751125-aa8a-4c28-9f29-f9e62f07f7b3
1,8a748069-54d4-44fc-a7a8-09cf7fd670f9
1,8a768ab1-8cbd-4154-a8b6-083e8c86e5d3
1,8a83e231-58c4-4451-8649-c12d549a24f7
1,8a87e640-ddc1-4ff0-bb88-92e9fc94d0c6
1,8ad97b3f-bed1-4665-890f-f0710f963813
1,8adf1637-e2e4-4f17-ad71-bffecfa47b9a
1,8af79196-19ca-4022-ad9d-6f3050fc2815
1,8b3cedd1-f792-4057-9ea0-4a0bbf3a559e
1,8b980631-afc9-42dc-8814-33f828e3062c
1,8bcc18b6-ab8e-47ad-8767-85199480f395
1,8bdf30d2-9df3-4dc7-a36c-a5c713abab8e
1,8bf49198-e1f8-4a47-a95b-bac273c24fa3
1,8c9fa40d-e897-4734-bbe4-372f1ebdde0a
1,8caf83d2-f3f1-4ceb-a455-55acef759043
1,8cccb57d-f798-4890-a58c-e69a2a29f914
1,8cfccd04-d070-4f0d-9e74-f72986a97c83
1,8d7c1f96-1f49-4aa6-a87b-345d8d819a6f
1,8d979191-54da-4733-8d2a-451ccd7da8b5
1,8da6143b-e0cb-4e0b-83fa-7d81fe07dd0e
1,8de700fc-3c85-4f2f-aa0e-816ad5e604e6
1,8e0ee5ca-e3c4-4aca-98cc-358f22ec38b8
1,8e736d17-7aa6-4f47-8d06-2ac3e8edd80c
1,8e7d243a-946a-4b5d-a6ee-e0a565514776
1,8e928381-f1ac-43e8-ad06-dec96a03489f
1,8eb930d0-7868-4d34-a0fc-12e58cbda3d8
1,8ed52231-ecb7-45ec-813f-2e9fefa98fd7
1,8f99520d-d32f-499c-a2f5-3aba81856c9e
1,8fa5d715-b87f-4843-8224-cba957e0b157
1,8fd83dcd-b410-4ca7-95d3-f03ff1f224b1
1,9084c84b-4254-4272-95e9-7051c9feded4
1,90dadfa3-83b9-4612-8c71-3b0b3ab4177a
1,91db2e60-ee90-48c7-b69f-d56bc79c23d7
1,923195bc-ef17-41b6-be0a-0917eef24d99
1,9233c3a8-fff7-4945-b66e-943aa4434e5d
1,9284643f-7c96-4bd1-9d61-b0cef39c737b
1,92872bb7-a0ca-4962-846d-8cbc1f9d93ce
1,93f718a7-c4e2-4e70-84bd-1667b7c450b8
1,94d39148-a67f-4e29-9031-dd3800a2f077
1,954be7ca-b2d3-40be-a303-b88b2e739020
1,956525b9-1b2a-41ee-aeb6-38f530910ad9
1,958346e0-b428-4b4b-9acd-867477a7d65e
1,9632fd42-affb-4b83-9c60-d42fa0dc3236
1,97e8838e-60b4-49db-b1fd-027f1768f834
1,97eac8fa-1d26-4806-ad07-cf428b72e9b0
1,97efa29e-fdfc-44c7-8edf-db9caf62bad6
1,986c27bc-07e8-4a1f-bd8e-53869f4176bf
1,98c10029-cb0a-4a2b-94f4-17e6f12692da
1,99498db3-eb3a-4533-a67d-c53a8ca5cd93
1,9a73613d-fb86-4b29-a7ca-de63d6135440
1,9b42896a-cc1a-48d5-a0a2-fccf6682dd25
1,9bdc115c-e4a8-419b-9f13-d03b8a5985da
1,9c7ec8df-4ebd-4291-b086-1cef8b815728
1,9caa4753-3aa8-4a61-ae45-dc2438a13484
1,9d045490-d2d2-4142-a060-731b7ec1a4c4
1,9d868655-4ae3-479c-a68f-d734644405c5
1,9dbdb86b-8c37-449a-b54b-652aef3314a5
1,9e89ce9c-811b-46c6-addd-b304201f71c7
1,9eb5c89b-fca0-4058-87df-3ccf4e344c59
1,9ef0dde5-d6b4-4a71-91eb-a2e20bd6bd05
1,9efca62a-c840-40f9-ae3d-508c362d774b
1,9f8bb9aa-14cd-4a28-aa46-3cc4735eab48
1,9fb6cfc1-80f2-4a7a-8803-b199bc164282
1,9fd5dd0e-b309-446f-a682-6e9724b842c1
1,9fe8aa7d-662c-4b6f-ae0a-8586f8a0a6f5
1,a08575d2-0e87-48e8-badc-930ef08e8a50
1,a0d09b71-309c-4674-881b-06ec543e1182
1,a0e0d40a-a328-4e3a-b211-fc25f8eba932
1,a0e90468-836f-4fda-9333-5e25309d9576
1,a0f3e2b8-523d-4db9-a776-b17ff3fb5d2b
1,a15a8200-7307-4c57-adac-d6c965403c5f
1,a1cd0338-d9f6-454a-b139-90dac103d3fa
1,a1e1ca1e-455c-4cf8-b2a1-b7e2d5613fb7
1,a226075c-b56b-4e23-b540-25693fe417e9
1,a2a6ae12-42d5-4b7c-9e0e-b2629acb9a47
1,a305b503-dd92-4864-933e-99a945a64b43
1,a35cc9dd-4a74-4a3b-b25d-58a18a5c557d
1,a44b538e-d70f-4d86-a4a1-b184f823206a
1,a4723691-8236-40a7-ba7f-ba2d0bf2bfe4
1,a49758c1-c20a-4819-a252-10794c56caf8
1,a49b5090-d5aa-4d01-b58c-15e2b188a0a7
1,a4b0d8f4-9f36-4910-9c1b-a871e87f34b8
1,a4dfd494-d1d7-4c09-9f0c-8d07d3db5bf1
1,a57c602d-cf08-462d-a66b-0802a5b46d25
1,a5ac06f2-306c-4d2c-8cb0-6cf9c07fc06e
1,a5b8349d-3777-494c-ad74-a39a44885ae9
1,a66dec58-0b32-4009-b7d9-111dc4d741fe
1,a791994e-5188-4c96-93f1-8d02834d9f86
1,a7a67405-09dc-4278-b2d8-3baf8ca0843d
1,a7de6d4f-e503-4a84-a72f-c86fdda19cb0
1,a8435a12-cb60-4fdd-a940-1f23dfcff960
1,a844cd74-0045-41ab-b77e-8624d47d091a
1,a8987772-54cd-4f6d-9811-78af1a22b29c
1,a8a3f8da-5eee-4b5d-a6c9-938dd1688d12
1,a8dbba65-ac9a-4667-8817-9719c11578af
1,a8f8c7ba-c388-41de-a211-55423476cd83
1,a97315d9-a8a8-4bfc-a878-19bff4bde4ba
1,a97fe558-8994-4446-8525-dd1122670f83
1,a9c06486-7762-4428-a197-520010a66312
1,aa263822-fef0-45d9-b881-49e82602638f
1,aa270810-b7ed-4cd1-a8bb-fb22c19737bd
1,aa3e5f18-ce19-4648-82e2-b932cb83940a
1,ab3b7068-b9f5-4aac-90b3-9c7fd3dcf854
1,aba31a1e-8634-4956-813a-e1868e717e5a
1,aba42f31-6ff8-48d9-82c9-3443325d222c
1,abac9cf4-6d1f-4d73-83b3-5468d08831f7
1,ac7c2b8e-1743-402b-865c-3c78852ddae5
1,ac8ccad7-2d93-4fa2-a230-5395c6b8c593
1,ad63f477-d106-4551-bbaf-7c06a4289003
1,ad6ad3bd-468b-4717-ae5c-ae04c79cee26
1,addcbfe6-bd54-46cc-ad22-d8189becd01f
1,aded95a5-fbb6-47cb-8322-fd67e6cf9e8e
1,ae554728-40f6-43e5-adba-2c451d0077f3
1,aee3c2e0-976d-4126-862b-d238a320e955
1,af9380f4-d0a1-4f20-9deb-0e7fdd35c33b
1,afec28ad-987a-4161-8489-76c355ec3d8c
1,b0151cd7-e46c-47cc-b466-12c1407785ac
1,b05d8105-9a33-4853-a496-b177a22d72be
1,b0c37653-866a-4149-a7c9-01407d8bb22b
1,b0dffbc6-4930-4d84-aee5-5bfa4e8db6ad
1,b1135126-b1e6-4a11-a81b-b359842fc7ef
1,b14c9fd4-256c-4813-97e5-6bc00f4aa04c
1,b19b37a1-423f-41be-a628-67cc198f22e2
1,b1f9d2ad-abb9-4f9f-8bf8-630ac67419f7
1,b22640ca-1766-4e32-a486-c8d1c17e78ab
1,b2458c21-fd84-474b-a629-126785337f02
1,b305e7a7-7db0-47f6-a6cf-13997687803c
1,b46f383a-92fd-4719-8fec-ef90cd06ceca
1,b6407862-6a90-46c5-bb80-7dbaa44978fe
1,b70e83b8-908a-48d3-8fe7-e7fbeccbe49b
1,b7324538-6bb8-4558-82e2-b35cec327461
1,b81ca4ec-4cd3-4260-867f-08440a0de930
1,b82877d5-1608-43e6-8022-960e154c6419
1,b87f526e-a19b-42dc-998d-975f47d6d50f
1,b8d0ffd1-8abd-4e6e-9351-6ca8e1f30f8e
1,b93f17c0-0926-4bc0-86a3-7b1e485a742b
1,b9ade840-f181-42e7-97a5-e1823e2a5054
1,ba20caed-4833-4f48-8a79-6c61bae2a8ac
1,ba2b9ba1-690c-47ff-b6f6-d8c5cf54ca36
1,baa9bd42-2d70-4483-9fd2-f22f520cf1a7
1,bb212c70-00fe-4439-b84a-9c7ab9c8f818
1,bbd9b5f2-c267-4a97-9306-378ef2437e07
1,bcbdcf80-262d-4392-b376-da878b593d19
1,bd9a2a46-1e33-4bde-9454-970e888ba194
1,bda009ec-180c-4ed8-b7e5-b8b05015e312
1,bdadfb3d-80c7-49d2-b8bd-55212cd9e884
1,bdb68f0e-c2b4-4fb1-ba14-0a92b0a2db36
1,be2247c8-3d38-4d2f-b386-041b53ed680e
1,bf6270dd-7f95-4654-b288-769c1ec710bf
1,bf97945c-5835-4222-be1a-9ea8ed2a74ec
1,bffd3df2-201e-463a-82ef-61e96fea5dce
1,c073008a-573e-41c6-8f80-6560e587b7ab
1,c0ae0668-8745-4ddd-8e22-26f72df4bf73
1,c0b0b417-ce2b-4996-ab8f-b3a02cfb22e8
1,c16357fd-58aa-4428-8416-b4d521c39a5a
1,c1c66348-74c5-48c7-9943-881b3110801b
1,c1ca93dc-0d5e-4ec5-8736-7adc16a1c306
1,c209010a-2f52-4638-a4b9-2453e22281ab
1,c31983fb-2f16-4986-8590-ff25c82153a4
1,c334a77b-3228-4714-bd85-2bd09c6f12d8
1,c3b13993-dd53-446d-89ed-4419fb8b3e24
1,c3c58073-3040-4699-9f9f-07dbfbbe5b53
1,c435cc6c-ecfa-4258-b466-b2565e6c7e20
1,c4663efd-9f26-4d22-9d25-33ce3062925e
1,c4ce9ea6-3a42-4f28-95a3-0ddc893f56d0
1,c4ed3816-a7cf-4c5e-bdc4-9c6fcbf947bd
1,c501fa9e-4097-495b-ac48-ac1370018000
1,c5894328-d61c-44e2-9e00-7a0d6fe0aebf
1,c5a5ff86-6330-4955-b97c-b49657c2eb6f
1,c5e5ca43-2a8b-4ca8-be54-ea6830933a5c
1,c627dd53-fb62-42be-b293-9b292a448369
1,c638bdf6-c12b-46e5-a20d-4148104b556e
1,c6ce8b44-fb4b-49f5-a7e2-1dac13cb4ad7
1,c6f5a83d-a994-44fb-b4c1-3cfb6f56abeb
1,c72ca355-e1a6-406a-abfd-cb4001275070
1,c75e86df-ce45-44e2-b59c-f20fe779c5f4
1,c7c105e1-28b0-4949-890b-edad985c12f0
1,c8d410dc-45fd-4b35-985d-ac38c8f36e1a
1,c8f58c63-e1e9-4270-be6f-7a7259bef50a
1,c948de43-231d-4283-a1f0-c746d8d8ffd7
1,c9acc931-2457-4997-b34d-be6667a468a6
1,c9e6c829-e8f2-4f08-b018-6d9c191caf5b
1,ca162064-b446-490d-8bdf-1e39847525c9
1,ca570402-f8da-46d9-be01-14080f70bf6a
1,ca852c76-8e38-4793-9a38-7e3efa224ae4
1,caac566e-6909-429c-8ac9-1a934b8feb7e
1,cac08998-2614-4aaf-9c86-ee9f95132b09
1,caf3956e-424b-44ab-88ea-ff9e5a789fd2
1,cb7cd4b1-90ab-42c1-ab99-363f4567ffde
1,cc4fb33d-dc11-4d1f-a6ce-65872e511916
1,ccd133d3-b20f-40c9-b410-69f8d7945f2b
1,cd75bf32-09a2-47fa-906c-073670edd3fb
1,ce8def55-1e37-49d0-a026-fea6c65e8c5d
1,cf1d4c1e-b6db-4676-8631-c22701faa13d
1,cf3aa2c1-3fe0-4778-8e41-ac7b2358387b
1,cf40aebe-e6d6-4cd2-a55e-161563aeffde
1,cf5362f6-5cd0-4aec-98eb-d28156b4dc00
1,cf7dc546-fea4-40d8-bcac-a9d4f06c3274
1,d15868e4-aec4-4f62-ac6d-a76042f1f20b
1,d2add635-24ff-4ac3-a861-5a818308116f
1,d2c9738a-f4e8-421b-8c74-861cdaaea07b
1,d3179d88-5c42-4a5a-b7b0-ce0e698d44ec
1,d3775a60-0fc5-4b5c-b426-e98c6254a18b
1,d3d37fbd-167f-40bb-9397-f3f70236fbfe
1,d469a79d-329b-46c4-8d45-fbb2a93bd827
1,d5879ff2-9a98-4e67-b390-7f85b5cee229
1,d5a87d95-a699-4b87-9dc0-9b430e2c3d07
1,d6459ff3-cf92-44b3-b411-39d7fcea3f1c
1,d64dfa94-e558-4fbc-9d89-c043427b2bf3
1,d6b54634-4237-4f87-b758-9403254af27a
1,d75074f6-325a-4bc8-a03a-b0b083ae9215
1,d75cec4b-00fe-49a8-b179-f02f914c9984
1,d7c74f99-fce3-403c-8261-835224c79dbf
1,d7eba051-8242-4bc4-87c1-50dd47d88c56
1,d82af0b0-8dc0-4e56-ba67-5365317a94b7
1,d861d034-270d-4b0a-a296-9772364d75fe
1,d87c7b54-31c2-462d-ad27-1ced60ace780
1,d89cd6e7-a7b2-49ed-8000-df1c999bdeb9
1,d92c5a71-81e9-4e31-9b06-5de9a6e14046
1,d987ecd7-93dd-4179-939b-e9335e43f632
1,d994aa66-d7a2-4651-957d-ce528b12b646
1,d9b1c119-b01f-41ca-9cce-a31b2df7e8b2
1,d9b7872e-8c19-41b7-8d47-8c5954b62b36
1,da02f7df-2a20-4e84-86e4-8f62f1488262
1,da5bcff0-c7e2-4928-997e-0eea16e038d2
1,da7218cc-0ec6-41da-a05c-6a7e88989426
1,db6fb5ab-8c25-4b51-8836-9a5104d3781e
1,db8ab8e0-57a5-4c05-93d0-5712f3b7bf2b
1,db9f3ab2-1c0c-403f-b2c6-486f2f106576
1,dc126ca4-f0d3-43cf-814e-19b67f2279ff
1,dc7ae7a2-5576-423c-a64e-539f01d3a6df
1,dc8d6a61-4717-47a6-b246-4b6929724fce
1,dd016d64-a5eb-4695-9c46-a45adae9df00
1,dd7043e7-ab2b-486e-b004-40b1f7ced4ea
1,dd9c5339-933e-40f8-98cf-569d66de74f6
1,de25f105-4b39-47a0-8414-76f00422e1a0
1,dffe9fa9-2708-40ac-a07c-775a835f5835
1,e0786fb1-bffb-4129-97c9-40a3602a50ec
1,e178be02-5c59-4284-9701-22a541b8ebd2
1,e2024f10-06cb-4000-a531-2209c2e00d2b
1,e271b319-e776-4acc-8873-82217420d240
1,e2ab50ea-9168-431d-bcbe-f4dc37f0c3f2
1,e2bbbcbd-40c8-4a36-a887-46c600255d9d
1,e33310d6-8597-44aa-8d4d-9eafa4efec7d
1,e375f176-cc28-4f89-8401-02dfa52b8582
1,e380636a-034f-45ac-8378-8e515ccd164a
1,e402568f-858f-4e7c-b722-e6e66f7e1d8b
1,e46e056e-dfac-4425-a757-01d6f864f649
1,e4bbbdee-65c5-4e68-93f1-19cb86ad588d
1,e4bbdabb-3d42-4d45-8134-893f0ac3f10b
1,e4e14851-485b-48e3-8903-db52f2234790
1,e500c91a-781e-48c5-860d-53228a928761
1,e56914c3-14a5-4d5f-bb55-784297b10d00
1,e5bf0a1a-1dde-4a1e-be03-0641ba967453
1,e5dff1a0-4a1e-4d5f-8abd-6d9d07fd4b3b
1,e5ee582b-ece5-4a98-bbc2-5f6ca7530339
1,e609e274-ef17-4a89-9898-36676ba6b8a9
1,e75b2378-9f25-4fec-831b-c87b64ff7caf
1,e7a189e0-6cd3-48c7-b089-26d2bba3d5e2
1,e7b54efc-478d-45df-a50e-4cea3bdce898
1,e7d7caff-6a33-4a63-84cf-b7608214c041
1,e84c95bc-0b4c-430c-99bb-fd1234fa7bf3
1,e84ecb02-c308-4f2a-a09b-1b73d3c7827f
1,e87c1035-55d1-4919-baff-3d0a0c91c040
1,e87da457-95e7-41db-9020-99bfb19008ba
1,e8a3bdfc-acb3-44dd-b0aa-5fc6bf0fe027
1,e8b4fa2b-e2dc-4a5b-bb42-e3332e14c3ec
1,e8caba57-57d5-4bf4-95b6-ec289e0dc2ff
1,e93bc9a3-41a1-411d-9e4c-8e139ff69626
1,ea0d0444-4ab0-4fac-a0e6-373061abcec2
1,ea423ba4-1559-49a2-9068-c3f3e36d21cc
1,eaea5f28-a7ef-4458-8657-a2b5228686d9
1,eb44905e-2c12-4d23-b9fd-44c4673c987e
1,ebb336ee-5833-45a9-a866-f7be1db06e43
1,ebef6675-e9d5-4b8a-a267-37b557241f50
1,ec120c5a-0f7d-4512-817e-bd2781f06224
1,ec9e5db8-86a5-437c-beb6-f41c188eecc9
1,ecfc0f2d-a896-4af9-9843-c087a3aac741
1,ed7d65da-5223-4eaa-bbda-ac19a078582a
1,ee83c90d-02f0-4f17-9623-2ef3d541681e
1,eee2a2a1-9b12-4a50-b083-6191fa1f801e
1,eeebd8e9-a392-443e-a87c-f710b38468f4
1,efd34ef2-61b5-4f1d-9083-d0f0c8fc0d1a
1,f0db8165-0415-4df6-a2b1-0b1b0c2bebfc
1,f19a0efe-6250-4d5f-bb19-0ec92cbf49a1
1,f1add8a8-e747-4201-90df-2fbe9e681a04
1,f1e60128-3358-4688-ba89-bc13200358fc
1,f1ee6cee-659e-4b1f-906e-b4168d02777b
1,f20e1227-a2ba-4c8d-bfeb-c57c18bdcced
1,f256ca8c-80fb-47e1-a32e-48c917f991a0
1,f2addedc-5574-49ad-a1b7-688e010b0da7
1,f30a614f-761f-4d2a-9afa-792406352d29
1,f37c413b-09e3-48bf-914e-ee94041e650f
1,f3abdd5d-4b7f-458b-a916-93aca57a9cf8
1,f3d1b989-f3f9-4c99-bd5a-0f94da503488
1,f3d7eca1-9b16-4ef6-911a-42e948b3f14e
1,f466dbbb-c1f9-4d1b-910d-822e6d247b17
1,f46f66dc-bca0-4b65-8401-5ef1db398335
1,f4759685-5981-4c41-913a-ffdd12a658f4
1,f498a915-d187-46ff-b134-b208f21fe803
1,f49d05ac-a5e0-4bb4-b8ef-968744c9e4eb
1,f52ed2c4-a142-41c1-8db7-6f396b92ff09
1,f5533ecf-7481-4880-9101-8b771fa01c76
1,f6b02750-ebc8-4085-924b-bbd7e9598a8a
1,f6b1de90-6130-4695-952f-508d033689ee
1,f6dfb469-2159-4d1b-9b06-b2d5b9c7cf66
1,f6f29894-4d39-4b39-86aa-d3b76bae40f5
1,f709f464-0694-4393-8e7f-1d27b5af07af
1,f71fa8ce-e893-4785-91fd-3491e8cf1e80
1,f73aa44c-f0b2-4b2f-9b11-978aedffa5e8
1,f74ddc3a-cd42-4aa2-8744-5155a55e473b
1,f7f17af6-6b3e-4d57-a253-0b01429dc70a
1,f8802eb0-b3b6-49f1-98ed-dd65e941a8c6
1,f8e1f143-e415-4d28-bb1a-feaf5e3f8686
1,f960ef30-4640-4361-9f79-964472b3e53d
1,fa272fa3-2aa0-4165-a3c1-86c764e68662
1,fa637595-8686-48b1-bf46-a4c1390fefb2
1,fa76ac76-2b10-4964-a20b-7c9e8c7ec809
1,fb57d41b-d5b8-400c-bdf0-ff74c5949b56
1,fbbc0796-29d8-4e8f-a5cc-f5349c54d3c4
1,fbbdccb2-ef26-4899-9818-6fadf6882fb2
1,fbdaa2e2-966a-4d0a-9568-812cab2b99ef
1,fc0222c4-4288-4745-89df-0cf7e8b58bdf
1,fc1ba5b5-74c7-4ac0-b53c-56c9671132ad
1,fc8d2140-2fa3-42da-98ea-2cabb58cb64b
1,fcb36c96-44fe-43a3-9da6-6a1fa222591c
1,fd827436-b0f8-4eb7-ac42-4fad19963192
1,fe459488-f8e5-4896-a698-4499a9de629a
1,fe4adb80-42d9-4d4e-868e-1d35dc485d43
1,fe879b9f-3723-4361-b341-0e50313a81d6
1,ff59eeca-e865-4fb7-96cc-faaffc16069f
1,ff84d68c-534b-4319-82c3-791ee387da63
1,ffdd4354-8c9a-4c71-8684-1a066c5b15ee